#include <stdint.h>
const unsigned short VulcanBack[] = {
 0x18C8, 0x18C8, 0x18C8, 0x10A6, 0x1084, 0x1085, 0x1085, 0x1085, 0x1085, 0x1085, 0x1085, 0x1085, 0x1084, 0x10A6, 0x18C8, 0x18C8,
 0x18C8, 0x18C8, 0x18C8, 0x18EA, 0x18EA, 0x18E9, 0x18EA, 0x18E9, 0x1085, 0x1084, 0x1085, 0x1085, 0x1085, 0x10A6, 0x10A7, 0x10A7,
 0x10A7, 0x10A7, 0x1085, 0x1085, 0x1085, 0x1085, 0x1084, 0x18C7, 0x210A, 0x18E9, 0x18E9, 0x210A, 0x18C8, 0x1084, 0x1085, 0x1085,
 0x1085, 0x1085, 0x10A7, 0x10A7, 0x10A7, 0x10A7, 0x10A6, 0x1085, 0x1085, 0x1085, 0x1085, 0x1085, 0x18C8, 0x18E8, 0x18C8, 0x18C8,
 0x18C8, 0x10A6, 0x1085, 0x1085, 0x1085, 0x1085, 0x10A6, 0x10A6, 0x10A6, 0x10A6, 0x10A6, 0x10A6, 0x10A6, 0x10A6, 0x10A6, 0x10A6,
 0x10A7, 0x18C8, 0x18C8, 0x18C8, 0x18C8, 0x18C7, 0x10A6, 0x10A6, 0x10A6, 0x10A6, 0x10A6, 0x10A6, 0x10A6, 0x10A6, 0x10A6, 0x10A6,
 0x1085, 0x1084, 0x1085, 0x1084, 0x1085, 0x18E9, 0x212B, 0x210B, 0x210B, 0x210B, 0x10A7, 0x1084, 0x1085, 0x1085, 0x1085, 0x10A6,
 0x18C8, 0x18C8, 0x18C8, 0x18C8, 0x18C7, 0x10A6, 0x10A7, 0x10A7, 0x10A6, 0x18C7, 0x18C8, 0x18C8, 0x18C8, 0x18C8, 0x18C8, 0x1085,
 0x10A6, 0x10A6, 0x10A6, 0x10A6, 0x10A6, 0x10A6, 0x10A6, 0x10A6, 0x10A6, 0x10A6, 0x10A6, 0x10A6, 0x10A6, 0x10A6, 0x10A7, 0x10A7,
 0x10A6, 0x10A6, 0x10A7, 0x18C8, 0x18C8, 0x18C8, 0x18C8, 0x18C8, 0x10A7, 0x10A6, 0x10A6, 0x10A6, 0x10A6, 0x10A6, 0x10A6, 0x10A6,
 0x10A6, 0x10A6, 0x10A6, 0x10A6, 0x10A6, 0x10A6, 0x10A6, 0x18C7, 0x18C8, 0x18C8, 0x18C8, 0x18C8, 0x18C7, 0x10A6, 0x10A6, 0x10A6,
 0x10A6, 0x10A6, 0x10A6, 0x10A6, 0x10A6, 0x10A6, 0x10A6, 0x10A6, 0x1086, 0x1086, 0x1086, 0x10A6, 0x10A6, 0x10A7, 0x10A6, 0x10A7,
 0x10A6, 0x10A6, 0x1086, 0x1086, 0x1086, 0x1086, 0x10A7, 0x18C7, 0x10A7, 0x10A7, 0x10A7, 0x10A7, 0x10A7, 0x10A7, 0x10A7, 0x10A7,
 0x18C7, 0x18C8, 0x18C8, 0x18C8, 0x18C8, 0x18C7, 0x10A6, 0x10A6, 0x10A6, 0x10A6, 0x10A7, 0x18C7, 0x10A7, 0x10A7, 0x10A7, 0x18C7,
 0x18C7, 0x10A7, 0x10A7, 0x10A7, 0x18C7, 0x210A, 0x212B, 0x210B, 0x210B, 0x210B, 0x18C7, 0x1085, 0x1086, 0x1086, 0x1086, 0x10A7,
 0x18C8, 0x18C8, 0x18C8, 0x18C8, 0x18C7, 0x10A6, 0x10A6, 0x10A6, 0x10A6, 0x10A6, 0x10A7, 0x10A7, 0x10A6, 0x10A7, 0x10A6, 0x10A6,
 0x1085, 0x1085, 0x1085, 0x10A6, 0x18E8, 0x18C8, 0x18C8, 0x18C8, 0x18C8, 0x18C8, 0x18C8, 0x18C8, 0x18C8, 0x18C7, 0x1085, 0x1085,
 0x1085, 0x1085, 0x1085, 0x10A6, 0x10A6, 0x10A6, 0x10A6, 0x10A6, 0x18C8, 0x18C8, 0x18C8, 0x18C8, 0x18C8, 0x1086, 0x1085, 0x1085,
 0x1085, 0x1085, 0x18C7, 0x18E8, 0x18C8, 0x18C8, 0x18C8, 0x10A7, 0x10A6, 0x10A6, 0x10A6, 0x10A6, 0x10A7, 0x18C8, 0x18C8, 0x18C8,
 0x18C8, 0x18C7, 0x1085, 0x1085, 0x1085, 0x1085, 0x1085, 0x10A6, 0x10A7, 0x10A7, 0x10A7, 0x10A6, 0x1085, 0x1085, 0x1085, 0x1085,
 0x1085, 0x10A6, 0x10A7, 0x10A7, 0x10A7, 0x10A7, 0x18C7, 0x18C8, 0x18C8, 0x18C8, 0x18C8, 0x18C8, 0x18C8, 0x18C8, 0x18C8, 0x18C8,
 0x18C8, 0x18C8, 0x18C8, 0x18C8, 0x18C8, 0x18C7, 0x10A6, 0x10A6, 0x10A6, 0x10A6, 0x10A7, 0x18C8, 0x18C8, 0x18C8, 0x18C8, 0x18C8,
 0x18E9, 0x18EA, 0x18EA, 0x18EA, 0x18EA, 0x210A, 0x210B, 0x210B, 0x210B, 0x210B, 0x18C8, 0x10A6, 0x10A7, 0x10A7, 0x10A7, 0x18C7,
 0x18C8, 0x18C8, 0x18C8, 0x18C8, 0x10A7, 0x1085, 0x1085, 0x1085, 0x1085, 0x1085, 0x1085, 0x1085, 0x1085, 0x1085, 0x1085, 0x18C8,
 0x1085, 0x1085, 0x1085, 0x10A6, 0x18C8, 0x18C8, 0x18C8, 0x18C8, 0x18C8, 0x18C8, 0x18C8, 0x18C8, 0x18C8, 0x18C7, 0x1085, 0x1085,
 0x1085, 0x1085, 0x1085, 0x10A6, 0x10A6, 0x10A6, 0x10A6, 0x10A7, 0x18C8, 0x18C8, 0x18C8, 0x18C8, 0x18C8, 0x10A6, 0x1085, 0x1085,
 0x1085, 0x1085, 0x10A7, 0x18C8, 0x18C8, 0x18C8, 0x18C8, 0x10A7, 0x10A6, 0x10A6, 0x10A6, 0x10A6, 0x10A7, 0x18C8, 0x18C8, 0x18C8,
 0x18C8, 0x18C7, 0x1085, 0x1085, 0x1085, 0x1085, 0x1085, 0x10A6, 0x10A6, 0x10A6, 0x10A6, 0x10A6, 0x1085, 0x1085, 0x1085, 0x1085,
 0x1085, 0x10A6, 0x10A7, 0x10A6, 0x10A6, 0x10A6, 0x18C7, 0x18C8, 0x18C8, 0x18C8, 0x18C8, 0x18C8, 0x18C8, 0x18C8, 0x18C8, 0x18C8,
 0x18C8, 0x18C8, 0x18C8, 0x18C8, 0x18C8, 0x18C7, 0x10A6, 0x10A6, 0x10A6, 0x10A6, 0x10A7, 0x18C8, 0x18C8, 0x18C8, 0x18C8, 0x18C8,
 0x18E9, 0x18E9, 0x18E9, 0x18E9, 0x18E9, 0x210A, 0x210B, 0x210B, 0x210B, 0x210B, 0x18C8, 0x10A6, 0x10A6, 0x10A6, 0x10A6, 0x18C7,
 0x18C8, 0x18C8, 0x18C8, 0x18C8, 0x10A7, 0x1085, 0x1085, 0x1085, 0x1085, 0x1085, 0x1085, 0x1085, 0x1085, 0x1085, 0x10A5, 0x18C8,
 0x1085, 0x1085, 0x1085, 0x10A6, 0x18C8, 0x18C8, 0x18C8, 0x18C8, 0x18C8, 0x18C8, 0x18C8, 0x18C8, 0x18C8, 0x18C7, 0x1085, 0x1085,
 0x1085, 0x1085, 0x1085, 0x10A6, 0x10A6, 0x10A6, 0x10A6, 0x10A7, 0x18C8, 0x18C8, 0x18C8, 0x18C8, 0x18C8, 0x10A6, 0x1085, 0x1085,
 0x1085, 0x1085, 0x10A7, 0x18C8, 0x18C8, 0x18C8, 0x18C8, 0x10A7, 0x10A6, 0x10A6, 0x10A6, 0x10A6, 0x10A7, 0x18C8, 0x18C8, 0x18C8,
 0x18C8, 0x18C7, 0x1085, 0x1085, 0x1085, 0x1085, 0x1085, 0x10A6, 0x10A6, 0x10A6, 0x10A6, 0x10A6, 0x1085, 0x1085, 0x1085, 0x1085,
 0x1085, 0x10A6, 0x10A7, 0x10A6, 0x10A6, 0x10A6, 0x18C7, 0x18C8, 0x18C8, 0x18C8, 0x18C8, 0x18C8, 0x18C8, 0x18C8, 0x18C8, 0x18C8,
 0x18C8, 0x18C8, 0x18C8, 0x18C8, 0x18C8, 0x18C7, 0x10A6, 0x10A6, 0x10A6, 0x10A6, 0x10A7, 0x18C8, 0x18C8, 0x18C8, 0x18C8, 0x18C8,
 0x18E9, 0x18E9, 0x18E9, 0x18E9, 0x18E9, 0x210A, 0x210B, 0x210B, 0x210B, 0x210B, 0x18C8, 0x10A6, 0x10A6, 0x10A6, 0x10A6, 0x18C7,
 0x18C8, 0x18C8, 0x18C8, 0x18C8, 0x10A7, 0x1085, 0x1085, 0x1085, 0x1085, 0x1085, 0x1085, 0x1085, 0x1085, 0x1085, 0x10A5, 0x18C8,
 0x1085, 0x1085, 0x1085, 0x10A6, 0x18E8, 0x18C8, 0x18C8, 0x18C8, 0x18C8, 0x18C8, 0x18C8, 0x18C8, 0x18C8, 0x18C7, 0x1085, 0x1085,
 0x1085, 0x1085, 0x1085, 0x10A6, 0x10A7, 0x10A7, 0x10A7, 0x10A7, 0x18C8, 0x18C8, 0x18C8, 0x18C8, 0x18C8, 0x1086, 0x1085, 0x1085,
 0x1085, 0x1085, 0x18C7, 0x18E8, 0x18C8, 0x18C8, 0x18C8, 0x10A7, 0x10A6, 0x10A6, 0x10A6, 0x10A6, 0x10A7, 0x18C8, 0x18C8, 0x18C8,
 0x18C8, 0x18C7, 0x1085, 0x1085, 0x1085, 0x1085, 0x1085, 0x10A6, 0x10A6, 0x10A6, 0x10A6, 0x10A6, 0x1085, 0x1085, 0x1085, 0x1085,
 0x1085, 0x10A6, 0x10A7, 0x10A6, 0x10A6, 0x10A6, 0x18C7, 0x18C8, 0x18C8, 0x18C8, 0x18C8, 0x18C8, 0x18C8, 0x18C8, 0x18C8, 0x18C8,
 0x18C8, 0x18C8, 0x18C8, 0x18C8, 0x18C8, 0x18C7, 0x10A6, 0x10A6, 0x10A6, 0x10A6, 0x10A7, 0x18C8, 0x18C8, 0x18C8, 0x18C8, 0x18C8,
 0x18E9, 0x18E9, 0x18E9, 0x18E9, 0x18E9, 0x210B, 0x210B, 0x210B, 0x210B, 0x212B, 0x18C8, 0x10A6, 0x10A6, 0x10A6, 0x10A6, 0x18C7,
 0x18C8, 0x18C8, 0x18C8, 0x18C8, 0x10A7, 0x1085, 0x1085, 0x1085, 0x1085, 0x1085, 0x1085, 0x1085, 0x1085, 0x1085, 0x1085, 0x18C8,
 0x10A6, 0x10A6, 0x10A6, 0x10A6, 0x18C7, 0x18C7, 0x18C7, 0x18C7, 0x10A7, 0x18C7, 0x18C7, 0x18C7, 0x18C7, 0x10A7, 0x10A6, 0x10A6,
 0x10A6, 0x10A6, 0x10A6, 0x10A6, 0x10A6, 0x10A6, 0x10A6, 0x10A6, 0x18C7, 0x18C7, 0x18C7, 0x18C7, 0x18C7, 0x10A6, 0x1085, 0x1086,
 0x1086, 0x1085, 0x10A6, 0x18C7, 0x18C7, 0x18C7, 0x18C7, 0x18C7, 0x18C7, 0x10A7, 0x10A7, 0x10A7, 0x10A7, 0x10A7, 0x18C7, 0x18C7,
 0x18C7, 0x10A6, 0x1085, 0x1085, 0x1085, 0x1085, 0x1085, 0x10A6, 0x10A6, 0x10A6, 0x10A6, 0x10A6, 0x1085, 0x1085, 0x1085, 0x1085,
 0x1085, 0x10A6, 0x10A7, 0x10A6, 0x10A6, 0x10A6, 0x18C7, 0x18C7, 0x18C7, 0x18C7, 0x18C7, 0x18C8, 0x18C8, 0x18C8, 0x18C8, 0x18C8,
 0x18C8, 0x18C7, 0x18C7, 0x18C7, 0x18C7, 0x18C7, 0x10A6, 0x10A6, 0x10A6, 0x10A6, 0x10A7, 0x18C7, 0x18C7, 0x18C7, 0x18C7, 0x18C7,
 0x18E9, 0x18E9, 0x18E9, 0x18E9, 0x18E9, 0x18E9, 0x18E9, 0x18E9, 0x18E9, 0x18E9, 0x18C8, 0x10A7, 0x10A7, 0x10A7, 0x10A7, 0x10A7,
 0x18C7, 0x18C7, 0x18C7, 0x18C7, 0x10A6, 0x1085, 0x1085, 0x1085, 0x1085, 0x1085, 0x10A6, 0x1086, 0x1086, 0x1085, 0x10A6, 0x18C8,
 0x18C8, 0x18C8, 0x18C8, 0x10A6, 0x1085, 0x1085, 0x1085, 0x1085, 0x1085, 0x10A6, 0x10A6, 0x10A6, 0x10A6, 0x10A7, 0x18C8, 0x18C8,
 0x18C8, 0x18C8, 0x18C8, 0x1085, 0x1085, 0x1085, 0x1085, 0x1085, 0x10A6, 0x10A6, 0x10A6, 0x10A6, 0x10A6, 0x10A6, 0x10A7, 0x10A7,
 0x10A7, 0x10A7, 0x1085, 0x1085, 0x1085, 0x1085, 0x1085, 0x10A6, 0x18C8, 0x18C8, 0x18C8, 0x18C8, 0x10A7, 0x1085, 0x1085, 0x1085,
 0x1085, 0x1085, 0x1085, 0x1085, 0x1085, 0x1085, 0x1085, 0x10A6, 0x10A6, 0x10A6, 0x10A6, 0x10A6, 0x1085, 0x1085, 0x1085, 0x1085,
 0x1085, 0x10A6, 0x10A7, 0x10A6, 0x10A6, 0x10A6, 0x10A6, 0x10A6, 0x10A6, 0x10A6, 0x10A6, 0x18C7, 0x18C8, 0x18C8, 0x18C8, 0x18C8,
 0x18C7, 0x10A6, 0x10A6, 0x10A6, 0x10A6, 0x10A6, 0x10A6, 0x10A6, 0x10A6, 0x10A6, 0x10A6, 0x10A6, 0x10A6, 0x10A6, 0x10A6, 0x10A7,
 0x18E9, 0x18E9, 0x18E9, 0x18E9, 0x18E9, 0x10A7, 0x10A6, 0x10A6, 0x10A6, 0x10A6, 0x18C7, 0x18C8, 0x18C8, 0x18C8, 0x18C8, 0x10A6,
 0x1085, 0x1085, 0x1085, 0x1085, 0x1085, 0x1085, 0x1085, 0x1085, 0x1085, 0x1085, 0x10A7, 0x10A7, 0x10A7, 0x10A7, 0x10A7, 0x18C8,
 0x18C8, 0x18C8, 0x18C8, 0x10A6, 0x1085, 0x1085, 0x1085, 0x1085, 0x1086, 0x10A7, 0x10A6, 0x10A6, 0x10A6, 0x10A7, 0x18C8, 0x18C8,
 0x18C8, 0x18C8, 0x18C7, 0x1085, 0x1085, 0x1085, 0x1085, 0x1085, 0x10A6, 0x10A7, 0x10A6, 0x10A6, 0x10A6, 0x10A6, 0x10A6, 0x10A6,
 0x10A6, 0x10A6, 0x1086, 0x1085, 0x1085, 0x1085, 0x1085, 0x10A6, 0x18C8, 0x18C8, 0x18C8, 0x18C8, 0x10A7, 0x1085, 0x1085, 0x1085,
 0x1085, 0x1085, 0x1085, 0x1085, 0x1085, 0x1085, 0x1085, 0x10A6, 0x10A6, 0x10A6, 0x10A6, 0x10A6, 0x1085, 0x1085, 0x1085, 0x1085,
 0x1085, 0x10A6, 0x10A7, 0x10A6, 0x10A6, 0x10A6, 0x10A6, 0x10A6, 0x10A6, 0x10A6, 0x10A6, 0x18C7, 0x18C8, 0x18C8, 0x18C8, 0x18C8,
 0x18C7, 0x10A6, 0x10A6, 0x10A6, 0x10A6, 0x10A6, 0x10A6, 0x10A6, 0x10A6, 0x10A6, 0x10A6, 0x10A6, 0x10A6, 0x10A6, 0x10A6, 0x10A7,
 0x18E9, 0x18E9, 0x18E9, 0x18E9, 0x18E9, 0x18C7, 0x10A6, 0x10A6, 0x10A6, 0x10A6, 0x18C7, 0x18C8, 0x18C8, 0x18C8, 0x18C8, 0x10A6,
 0x1085, 0x1085, 0x1085, 0x1085, 0x1085, 0x1085, 0x1085, 0x1085, 0x1085, 0x1085, 0x10A6, 0x10A6, 0x10A6, 0x10A6, 0x10A7, 0x18C8,
 0x18C8, 0x18C8, 0x18C8, 0x10A6, 0x1085, 0x1085, 0x1085, 0x1085, 0x1086, 0x10A7, 0x10A6, 0x10A6, 0x10A6, 0x10A7, 0x18C8, 0x18C8,
 0x18C8, 0x18C8, 0x18C7, 0x1085, 0x1085, 0x1085, 0x1085, 0x1085, 0x10A6, 0x10A7, 0x10A6, 0x10A6, 0x10A6, 0x10A6, 0x10A6, 0x10A6,
 0x10A6, 0x10A6, 0x1086, 0x1085, 0x1085, 0x1085, 0x1085, 0x10A6, 0x18C8, 0x18C8, 0x18C8, 0x18C8, 0x10A7, 0x1085, 0x1085, 0x1085,
 0x1085, 0x1085, 0x1085, 0x1085, 0x1085, 0x1085, 0x1085, 0x10A6, 0x10A6, 0x10A6, 0x10A6, 0x10A6, 0x1085, 0x1085, 0x1085, 0x1085,
 0x1085, 0x10A6, 0x10A7, 0x10A6, 0x10A6, 0x10A6, 0x10A6, 0x10A6, 0x10A6, 0x10A6, 0x10A6, 0x18C7, 0x18C8, 0x18C8, 0x18C8, 0x18C8,
 0x18C7, 0x10A6, 0x10A6, 0x10A6, 0x10A6, 0x10A6, 0x10A6, 0x10A6, 0x10A6, 0x10A6, 0x10A6, 0x10A6, 0x10A6, 0x10A6, 0x10A6, 0x10A7,
 0x18E9, 0x18E9, 0x18E9, 0x18E9, 0x18E9, 0x18C7, 0x10A6, 0x10A6, 0x10A6, 0x10A6, 0x18C7, 0x18C8, 0x18C8, 0x18C8, 0x18C8, 0x10A6,
 0x1085, 0x1085, 0x1085, 0x1085, 0x1085, 0x1085, 0x1085, 0x1085, 0x1085, 0x1085, 0x10A6, 0x10A6, 0x10A6, 0x10A6, 0x10A7, 0x18C8,
 0x18C8, 0x18C8, 0x18C8, 0x10A6, 0x1085, 0x1085, 0x1085, 0x1085, 0x1085, 0x10A7, 0x10A7, 0x10A7, 0x10A6, 0x10A7, 0x18C8, 0x18C8,
 0x18C8, 0x18C8, 0x18C7, 0x1085, 0x1085, 0x1085, 0x1085, 0x1085, 0x10A6, 0x10A6, 0x10A6, 0x10A6, 0x10A6, 0x10A6, 0x10A6, 0x10A6,
 0x10A6, 0x10A6, 0x1086, 0x1085, 0x1085, 0x1085, 0x1085, 0x10A6, 0x18C8, 0x18C8, 0x18C8, 0x18C8, 0x10A7, 0x1085, 0x1085, 0x1085,
 0x1085, 0x1085, 0x1085, 0x1085, 0x1085, 0x1085, 0x1085, 0x10A6, 0x10A6, 0x10A6, 0x10A6, 0x10A6, 0x1085, 0x1085, 0x1085, 0x1085,
 0x1085, 0x10A6, 0x10A6, 0x10A6, 0x10A6, 0x10A6, 0x10A6, 0x10A6, 0x10A6, 0x10A6, 0x10A6, 0x18C7, 0x18C8, 0x18C8, 0x18C8, 0x18C8,
 0x18C7, 0x10A6, 0x10A7, 0x10A7, 0x10A7, 0x10A7, 0x10A6, 0x10A6, 0x10A6, 0x10A6, 0x10A6, 0x10A6, 0x10A6, 0x10A6, 0x10A6, 0x10A6,
 0x18E9, 0x210A, 0x18E9, 0x18EA, 0x18E9, 0x18C7, 0x10A6, 0x10A6, 0x10A6, 0x10A6, 0x18C7, 0x18C8, 0x18C8, 0x18C8, 0x18C8, 0x10A6,
 0x1085, 0x1085, 0x1085, 0x1085, 0x1085, 0x1085, 0x1085, 0x1085, 0x1085, 0x1085, 0x10A6, 0x10A6, 0x10A6, 0x10A6, 0x10A6, 0x18C8,
 0x18C7, 0x18C7, 0x18C7, 0x10A6, 0x1086, 0x10A6, 0x10A6, 0x10A6, 0x10A6, 0x10A6, 0x10A6, 0x10A6, 0x10A6, 0x10A7, 0x18C8, 0x18C8,
 0x18C8, 0x18C8, 0x18C7, 0x1085, 0x1085, 0x1085, 0x1085, 0x1085, 0x10A7, 0x10A7, 0x10A7, 0x10A7, 0x10A7, 0x10A7, 0x10A6, 0x10A6,
 0x10A6, 0x10A6, 0x1086, 0x1085, 0x1085, 0x1085, 0x1085, 0x10A6, 0x18C8, 0x18C8, 0x18C8, 0x18C8, 0x10A7, 0x1085, 0x10A6, 0x10A6,
 0x10A6, 0x10A6, 0x1085, 0x1085, 0x1085, 0x1085, 0x1085, 0x10A6, 0x10A6, 0x10A6, 0x10A6, 0x10A6, 0x1085, 0x1085, 0x1085, 0x1085,
 0x1085, 0x10A6, 0x10A7, 0x10A7, 0x10A7, 0x10A7, 0x10A7, 0x10A6, 0x10A6, 0x10A6, 0x10A6, 0x18C7, 0x18C8, 0x18C8, 0x18C8, 0x18C8,
 0x18C7, 0x10A6, 0x10A6, 0x10A6, 0x10A6, 0x10A6, 0x10A6, 0x10A6, 0x10A6, 0x10A6, 0x10A7, 0x18C7, 0x18C7, 0x18C7, 0x18C7, 0x18C7,
 0x18E8, 0x18E9, 0x18E9, 0x18E9, 0x18E9, 0x18C7, 0x10A7, 0x10A7, 0x10A7, 0x10A7, 0x18C7, 0x18C8, 0x18C8, 0x18C8, 0x18C8, 0x10A6,
 0x1085, 0x1085, 0x1085, 0x1085, 0x1085, 0x1085, 0x1085, 0x1085, 0x1085, 0x1085, 0x10A7, 0x10A7, 0x10A7, 0x10A7, 0x18C7, 0x18E8,
 0x1085, 0x1085, 0x1085, 0x10A6, 0x18C8, 0x18C8, 0x18C8, 0x18C8, 0x10A7, 0x1085, 0x1085, 0x1085, 0x1085, 0x10A6, 0x18C8, 0x18C8,
 0x18C8, 0x18C8, 0x18C7, 0x1085, 0x1085, 0x1085, 0x1085, 0x1085, 0x18C7, 0x18C8, 0x18C8, 0x18C8, 0x18C8, 0x10A7, 0x10A6, 0x10A6,
 0x10A6, 0x10A6, 0x1086, 0x1085, 0x1085, 0x1085, 0x1085, 0x10A6, 0x10A7, 0x10A6, 0x10A6, 0x10A6, 0x18C7, 0x18C8, 0x18C8, 0x18C8,
 0x18C8, 0x18C7, 0x1085, 0x1085, 0x1085, 0x1085, 0x1085, 0x10A6, 0x10A6, 0x10A6, 0x10A6, 0x10A6, 0x1085, 0x1085, 0x1085, 0x1085,
 0x1085, 0x18C7, 0x18C8, 0x18C8, 0x18C8, 0x18C8, 0x18C7, 0x10A6, 0x10A6, 0x10A6, 0x10A6, 0x10A6, 0x10A6, 0x10A6, 0x10A6, 0x10A7,
 0x10A6, 0x1085, 0x1085, 0x1085, 0x1085, 0x1085, 0x10A6, 0x10A6, 0x10A6, 0x10A6, 0x18C7, 0x210B, 0x210B, 0x210B, 0x210B, 0x210A,
 0x10A7, 0x10A6, 0x10A6, 0x10A6, 0x10A6, 0x18C7, 0x18C8, 0x18C8, 0x18C8, 0x18C8, 0x18C7, 0x10A6, 0x10A6, 0x10A6, 0x10A6, 0x1086,
 0x1085, 0x1085, 0x1085, 0x1085, 0x1085, 0x1085, 0x1085, 0x1085, 0x1085, 0x10A6, 0x18C8, 0x18C8, 0x18C8, 0x18C8, 0x18E8, 0x210B,
 0x1085, 0x1085, 0x1085, 0x10A6, 0x18C8, 0x18C8, 0x18C8, 0x18C8, 0x10A7, 0x1085, 0x1085, 0x1085, 0x1085, 0x10A6, 0x18C8, 0x18C8,
 0x18C8, 0x18C8, 0x18C7, 0x1085, 0x1085, 0x1085, 0x1085, 0x1085, 0x18C7, 0x18C8, 0x18C8, 0x18C8, 0x18C8, 0x10A7, 0x10A6, 0x10A6,
 0x10A6, 0x10A6, 0x1086, 0x1085, 0x1085, 0x1085, 0x1085, 0x10A6, 0x10A7, 0x10A6, 0x10A6, 0x10A6, 0x10A7, 0x18C8, 0x18C8, 0x18C8,
 0x18C8, 0x18C7, 0x1085, 0x1085, 0x1085, 0x1085, 0x1085, 0x10A6, 0x10A6, 0x10A6, 0x10A6, 0x10A6, 0x1085, 0x1085, 0x1085, 0x1085,
 0x1085, 0x18C7, 0x18C8, 0x18C8, 0x18C8, 0x18C8, 0x10A7, 0x10A6, 0x10A6, 0x10A6, 0x10A6, 0x10A6, 0x10A6, 0x10A6, 0x10A6, 0x10A7,
 0x10A6, 0x1085, 0x1085, 0x1085, 0x1085, 0x1085, 0x10A6, 0x10A6, 0x10A6, 0x10A6, 0x18C7, 0x210B, 0x210B, 0x210B, 0x210B, 0x210A,
 0x10A7, 0x10A6, 0x10A6, 0x10A6, 0x10A6, 0x18C8, 0x18C8, 0x18C8, 0x18C8, 0x18C8, 0x10A7, 0x10A6, 0x10A6, 0x10A6, 0x10A6, 0x1086,
 0x1085, 0x1085, 0x1085, 0x1085, 0x1085, 0x1085, 0x1085, 0x1085, 0x1085, 0x10A6, 0x18C8, 0x18C8, 0x18C8, 0x18C8, 0x18E8, 0x210B,
 0x1085, 0x1085, 0x1085, 0x10A6, 0x18C8, 0x18C8, 0x18C8, 0x18C8, 0x10A7, 0x1085, 0x1085, 0x1085, 0x1085, 0x10A6, 0x18C8, 0x18C8,
 0x18C8, 0x18C8, 0x18C7, 0x1085, 0x1085, 0x1085, 0x1085, 0x1085, 0x18C7, 0x18C8, 0x18C8, 0x18C8, 0x18C8, 0x10A7, 0x10A6, 0x10A6,
 0x10A6, 0x10A6, 0x1086, 0x1085, 0x1085, 0x1085, 0x1085, 0x10A6, 0x10A7, 0x10A6, 0x10A6, 0x10A6, 0x10A7, 0x18C8, 0x18C8, 0x18C8,
 0x18C8, 0x18C7, 0x1085, 0x1085, 0x1085, 0x1085, 0x1085, 0x10A6, 0x10A6, 0x10A6, 0x10A6, 0x10A6, 0x1085, 0x1085, 0x1085, 0x1085,
 0x1085, 0x18C7, 0x18C8, 0x18C8, 0x18C8, 0x18C8, 0x10A7, 0x10A6, 0x10A6, 0x10A6, 0x10A6, 0x10A6, 0x10A6, 0x10A6, 0x10A6, 0x10A7,
 0x10A6, 0x1085, 0x1085, 0x1085, 0x1085, 0x1085, 0x10A6, 0x10A6, 0x10A6, 0x10A6, 0x18C7, 0x210A, 0x210B, 0x210B, 0x210B, 0x210A,
 0x10A7, 0x10A6, 0x10A6, 0x10A6, 0x10A6, 0x18C8, 0x18C8, 0x18C8, 0x18C8, 0x18C8, 0x10A7, 0x10A6, 0x10A6, 0x10A6, 0x10A6, 0x1086,
 0x1085, 0x1085, 0x1085, 0x1085, 0x1085, 0x1085, 0x1085, 0x1085, 0x1085, 0x10A6, 0x18C8, 0x18C8, 0x18C8, 0x18C8, 0x18E8, 0x210B,
 0x1085, 0x1085, 0x1085, 0x10A6, 0x18E8, 0x18C8, 0x18C8, 0x18E8, 0x10A7, 0x1085, 0x1085, 0x1085, 0x1085, 0x10A6, 0x18C8, 0x18C8,
 0x18C8, 0x18C8, 0x18C8, 0x1085, 0x1085, 0x1085, 0x1085, 0x1085, 0x18C7, 0x18E8, 0x18C8, 0x18C8, 0x18C8, 0x10A7, 0x10A6, 0x10A6,
 0x10A6, 0x10A6, 0x1085, 0x1085, 0x1085, 0x1085, 0x1085, 0x10A6, 0x10A7, 0x10A7, 0x10A7, 0x10A6, 0x10A7, 0x18C8, 0x18C8, 0x18C8,
 0x18C8, 0x18C7, 0x1085, 0x1085, 0x1085, 0x1085, 0x1085, 0x10A6, 0x10A7, 0x10A7, 0x10A7, 0x10A6, 0x1085, 0x1085, 0x1085, 0x1085,
 0x1085, 0x18C7, 0x18E8, 0x18C8, 0x18C8, 0x18C8, 0x10A7, 0x10A6, 0x10A6, 0x10A6, 0x10A6, 0x10A6, 0x10A6, 0x10A6, 0x10A6, 0x10A7,
 0x10A6, 0x1085, 0x1085, 0x1085, 0x1085, 0x1085, 0x10A6, 0x10A6, 0x10A6, 0x10A6, 0x18C7, 0x210A, 0x210A, 0x210A, 0x210A, 0x210A,
 0x10A7, 0x10A6, 0x10A7, 0x10A7, 0x10A7, 0x18C8, 0x18C8, 0x18C8, 0x18C8, 0x18C8, 0x10A7, 0x10A6, 0x10A7, 0x10A7, 0x10A7, 0x1086,
 0x1085, 0x1085, 0x1085, 0x1085, 0x1085, 0x1085, 0x1085, 0x1085, 0x1084, 0x10A6, 0x18C8, 0x18C8, 0x18C8, 0x18C8, 0x18E8, 0x210B,
 0x1085, 0x1085, 0x1085, 0x10A6, 0x18C8, 0x18C7, 0x18C7, 0x18C8, 0x10A7, 0x1085, 0x1085, 0x1085, 0x1085, 0x10A6, 0x18C8, 0x18C8,
 0x18C7, 0x18C8, 0x18C7, 0x1085, 0x1085, 0x1085, 0x1085, 0x1085, 0x18C7, 0x18C8, 0x18C7, 0x18C7, 0x18C7, 0x10A7, 0x10A6, 0x10A6,
 0x10A6, 0x10A6, 0x10A6, 0x1085, 0x1085, 0x1085, 0x1085, 0x10A6, 0x10A6, 0x10A6, 0x10A6, 0x10A6, 0x10A7, 0x18C8, 0x18C8, 0x18C8,
 0x18C8, 0x18C7, 0x1085, 0x1085, 0x1085, 0x1085, 0x1085, 0x10A6, 0x10A6, 0x10A6, 0x10A6, 0x10A6, 0x10A5, 0x1085, 0x1085, 0x1085,
 0x1085, 0x18C7, 0x18C8, 0x18C7, 0x18C7, 0x18C8, 0x10A7, 0x10A7, 0x10A7, 0x10A7, 0x10A7, 0x10A7, 0x10A6, 0x10A6, 0x10A6, 0x10A7,
 0x10A6, 0x1085, 0x1085, 0x1085, 0x1085, 0x1085, 0x10A6, 0x10A6, 0x10A6, 0x10A6, 0x18C7, 0x212B, 0x212B, 0x212B, 0x212B, 0x210B,
 0x10A7, 0x10A6, 0x10A6, 0x10A6, 0x10A6, 0x18C7, 0x18C8, 0x18C8, 0x18C8, 0x18C8, 0x10A7, 0x10A6, 0x10A6, 0x10A6, 0x10A6, 0x10A6,
 0x1085, 0x1085, 0x1085, 0x1085, 0x1085, 0x10A6, 0x1086, 0x10A6, 0x10A6, 0x10A6, 0x18C8, 0x18C8, 0x18C8, 0x18C7, 0x18C8, 0x210A,
 0x10A6, 0x10A6, 0x10A6, 0x10A6, 0x1085, 0x1085, 0x1085, 0x1085, 0x1086, 0x10A6, 0x10A6, 0x10A6, 0x10A6, 0x10A6, 0x1085, 0x1085,
 0x1085, 0x1085, 0x10A6, 0x18C7, 0x18C8, 0x18C8, 0x18C8, 0x18C8, 0x1085, 0x1085, 0x1085, 0x1085, 0x1085, 0x10A6, 0x10A6, 0x10A6,
 0x10A6, 0x10A6, 0x10A7, 0x18C8, 0x18C8, 0x18C8, 0x18C8, 0x10A6, 0x1085, 0x1085, 0x1085, 0x1085, 0x10A6, 0x18C8, 0x18C8, 0x18C8,
 0x18C8, 0x18C7, 0x10A6, 0x10A6, 0x10A6, 0x10A6, 0x10A6, 0x1085, 0x1085, 0x1085, 0x1085, 0x1085, 0x10A6, 0x10A6, 0x10A6, 0x10A6,
 0x10A6, 0x1085, 0x1085, 0x1085, 0x1085, 0x1085, 0x18C8, 0x18E9, 0x18E9, 0x18E9, 0x18E9, 0x18C8, 0x10A6, 0x10A6, 0x10A6, 0x10A7,
 0x10A6, 0x1085, 0x1085, 0x1085, 0x1085, 0x1085, 0x10A6, 0x10A6, 0x10A6, 0x10A6, 0x18C8, 0x318F, 0x3190, 0x3190, 0x3190, 0x296F,
 0x10A6, 0x1084, 0x1085, 0x1085, 0x1085, 0x10A6, 0x10A7, 0x10A7, 0x10A7, 0x10A7, 0x10A6, 0x1085, 0x1085, 0x1085, 0x1085, 0x1085,
 0x1085, 0x1085, 0x1085, 0x1085, 0x18C8, 0x212C, 0x212C, 0x212C, 0x212C, 0x210A, 0x10A6, 0x10A6, 0x10A7, 0x10A7, 0x10A6, 0x10A7,
 0x10A6, 0x10A6, 0x10A7, 0x1086, 0x1085, 0x1085, 0x1085, 0x1085, 0x1085, 0x10A7, 0x10A6, 0x10A6, 0x10A7, 0x10A6, 0x1085, 0x1085,
 0x1085, 0x1085, 0x10A5, 0x18C8, 0x18C8, 0x18C8, 0x18C8, 0x18C8, 0x1085, 0x1085, 0x1085, 0x1085, 0x1085, 0x10A6, 0x10A7, 0x10A6,
 0x10A6, 0x10A6, 0x18C7, 0x18C8, 0x18C8, 0x18C8, 0x18C8, 0x10A6, 0x1085, 0x1085, 0x1085, 0x1085, 0x10A6, 0x18C8, 0x18C8, 0x18C8,
 0x18C8, 0x18C7, 0x10A7, 0x10A6, 0x10A6, 0x10A7, 0x10A6, 0x1085, 0x1085, 0x1085, 0x1085, 0x1085, 0x10A6, 0x10A7, 0x10A6, 0x10A6,
 0x10A6, 0x1085, 0x1085, 0x1085, 0x1085, 0x1085, 0x18C8, 0x18EA, 0x18E9, 0x18E9, 0x18EA, 0x18C8, 0x10A6, 0x10A6, 0x10A6, 0x10A7,
 0x10A6, 0x1085, 0x1085, 0x1085, 0x1085, 0x1085, 0x10A6, 0x10A6, 0x10A6, 0x10A6, 0x18C8, 0x3190, 0x31B1, 0x3190, 0x31B1, 0x3190,
 0x10A6, 0x1084, 0x1085, 0x1085, 0x1085, 0x10A6, 0x10A7, 0x10A6, 0x10A6, 0x10A6, 0x1086, 0x1085, 0x1085, 0x1085, 0x1085, 0x1085,
 0x1085, 0x1085, 0x1085, 0x1084, 0x18C8, 0x294D, 0x212C, 0x212C, 0x294D, 0x210B, 0x10A6, 0x10A6, 0x10A6, 0x10A6, 0x10A6, 0x10A6,
 0x10A6, 0x10A6, 0x10A7, 0x1086, 0x1085, 0x1085, 0x1085, 0x1085, 0x1086, 0x10A7, 0x10A6, 0x10A6, 0x10A7, 0x10A6, 0x1085, 0x1085,
 0x1085, 0x1085, 0x10A5, 0x18C8, 0x18C8, 0x18C8, 0x18C8, 0x18C8, 0x1085, 0x1085, 0x1085, 0x1085, 0x1085, 0x10A6, 0x10A7, 0x10A6,
 0x10A6, 0x10A6, 0x18C7, 0x18C8, 0x18C8, 0x18C8, 0x18C8, 0x10A6, 0x1085, 0x1085, 0x1085, 0x1085, 0x10A6, 0x18C8, 0x18C8, 0x18C8,
 0x18C8, 0x18C7, 0x10A6, 0x10A6, 0x10A6, 0x10A6, 0x10A6, 0x1085, 0x1085, 0x1085, 0x1085, 0x1085, 0x10A6, 0x10A7, 0x10A6, 0x10A6,
 0x10A6, 0x1085, 0x1085, 0x1085, 0x1085, 0x1085, 0x18C8, 0x18EA, 0x18E9, 0x18E9, 0x18E9, 0x18C8, 0x10A6, 0x10A6, 0x10A6, 0x10A7,
 0x10A6, 0x1085, 0x1085, 0x1085, 0x1085, 0x1085, 0x10A6, 0x10A6, 0x10A6, 0x10A6, 0x18C8, 0x3190, 0x31B1, 0x3190, 0x3191, 0x296F,
 0x10A6, 0x1084, 0x1085, 0x1085, 0x1085, 0x10A6, 0x10A7, 0x10A6, 0x10A6, 0x10A6, 0x1086, 0x1085, 0x1085, 0x1085, 0x1085, 0x1085,
 0x1085, 0x1085, 0x1085, 0x1084, 0x18C8, 0x294C, 0x212C, 0x212C, 0x294C, 0x210A, 0x10A6, 0x10A6, 0x10A6, 0x10A6, 0x10A6, 0x10A6,
 0x10A6, 0x10A6, 0x10A7, 0x1086, 0x1085, 0x1085, 0x1085, 0x1085, 0x1086, 0x10A7, 0x10A6, 0x10A6, 0x10A7, 0x10A6, 0x1085, 0x1085,
 0x1085, 0x1085, 0x10A5, 0x18C8, 0x18C8, 0x18C8, 0x18C8, 0x18C8, 0x1085, 0x1085, 0x1085, 0x1085, 0x1085, 0x10A6, 0x10A7, 0x10A6,
 0x10A6, 0x10A6, 0x18C7, 0x18C8, 0x18C8, 0x18C8, 0x18C8, 0x10A6, 0x1085, 0x1085, 0x1085, 0x1085, 0x10A6, 0x18C8, 0x18C8, 0x18C8,
 0x18C8, 0x18C7, 0x10A6, 0x10A6, 0x10A6, 0x10A6, 0x10A6, 0x1085, 0x1085, 0x1085, 0x1085, 0x1085, 0x10A6, 0x10A7, 0x10A6, 0x10A6,
 0x10A6, 0x1085, 0x1085, 0x1085, 0x1085, 0x1085, 0x18C8, 0x18EA, 0x18E9, 0x18E9, 0x18EA, 0x18C8, 0x10A6, 0x10A6, 0x10A6, 0x10A6,
 0x10A6, 0x1085, 0x1085, 0x1085, 0x1085, 0x1085, 0x10A6, 0x10A6, 0x10A6, 0x10A6, 0x18C8, 0x3190, 0x31B1, 0x3190, 0x31B1, 0x3190,
 0x10A6, 0x1084, 0x1085, 0x1085, 0x1085, 0x10A6, 0x10A7, 0x10A6, 0x10A6, 0x10A6, 0x1086, 0x1085, 0x1085, 0x1085, 0x1085, 0x1085,
 0x1085, 0x1085, 0x1085, 0x1084, 0x18C8, 0x294D, 0x212C, 0x212C, 0x294D, 0x210A, 0x10A6, 0x10A6, 0x10A6, 0x10A6, 0x10A6, 0x10A6,
 0x10A6, 0x10A6, 0x10A7, 0x10A6, 0x1085, 0x1085, 0x1085, 0x1085, 0x10A6, 0x10A6, 0x10A6, 0x10A6, 0x10A6, 0x10A6, 0x1085, 0x1085,
 0x1085, 0x1085, 0x10A5, 0x18C8, 0x18C8, 0x18C8, 0x18C8, 0x18C8, 0x1085, 0x1085, 0x1085, 0x1085, 0x1085, 0x10A6, 0x10A6, 0x10A6,
 0x10A6, 0x10A6, 0x18C7, 0x18C8, 0x18C8, 0x18C8, 0x18C8, 0x10A6, 0x1085, 0x1085, 0x1085, 0x1085, 0x10A6, 0x18C8, 0x18C8, 0x18C8,
 0x18C8, 0x18C7, 0x10A6, 0x10A6, 0x10A6, 0x10A6, 0x10A6, 0x1085, 0x1085, 0x1085, 0x1085, 0x1085, 0x10A6, 0x10A7, 0x10A6, 0x10A6,
 0x10A6, 0x1085, 0x1085, 0x1085, 0x1085, 0x1085, 0x18C8, 0x18E9, 0x18E9, 0x18E9, 0x18E9, 0x18C8, 0x10A6, 0x10A6, 0x10A6, 0x10A7,
 0x10A6, 0x1085, 0x1085, 0x1085, 0x1085, 0x1085, 0x10A6, 0x10A6, 0x10A6, 0x10A6, 0x18C8, 0x3190, 0x3190, 0x3190, 0x3190, 0x296F,
 0x10A6, 0x1084, 0x1085, 0x1085, 0x1085, 0x10A6, 0x10A7, 0x10A6, 0x10A6, 0x10A6, 0x1086, 0x1085, 0x1085, 0x1085, 0x1085, 0x1085,
 0x1085, 0x1085, 0x1085, 0x1085, 0x18C8, 0x212C, 0x212C, 0x212C, 0x212C, 0x210A, 0x10A6, 0x10A6, 0x10A6, 0x10A6, 0x10A6, 0x10A6,
 0x18C8, 0x18C8, 0x18C8, 0x18C7, 0x10A6, 0x10A6, 0x10A6, 0x10A6, 0x10A6, 0x1085, 0x1085, 0x1085, 0x1085, 0x1085, 0x1085, 0x1085,
 0x1085, 0x1085, 0x10A5, 0x18C8, 0x18C8, 0x18C8, 0x18C8, 0x18C8, 0x10A6, 0x10A6, 0x10A6, 0x10A6, 0x10A6, 0x10A5, 0x1085, 0x1085,
 0x1085, 0x1085, 0x18C8, 0x18E9, 0x18E9, 0x18E9, 0x18E9, 0x10A7, 0x1085, 0x1085, 0x1085, 0x1085, 0x10A6, 0x10A7, 0x10A7, 0x10A7,
 0x10A7, 0x10A7, 0x10A6, 0x10A6, 0x10A6, 0x10A6, 0x10A6, 0x1085, 0x1085, 0x1085, 0x1085, 0x1085, 0x10A6, 0x10A7, 0x10A6, 0x10A6,
 0x10A6, 0x1085, 0x1085, 0x1085, 0x1085, 0x1085, 0x10A6, 0x10A7, 0x10A7, 0x10A7, 0x10A7, 0x18C8, 0x18E9, 0x18E9, 0x18E9, 0x18E9,
 0x18C8, 0x10A6, 0x10A6, 0x10A6, 0x10A6, 0x10A6, 0x10A6, 0x10A6, 0x10A6, 0x10A6, 0x10A7, 0x18C8, 0x18C8, 0x18C8, 0x18C8, 0x18C8,
 0x1085, 0x1085, 0x1085, 0x1085, 0x1085, 0x10A6, 0x10A7, 0x10A6, 0x10A6, 0x10A6, 0x1086, 0x1085, 0x1085, 0x1085, 0x1085, 0x10A6,
 0x10A6, 0x10A6, 0x10A6, 0x10A6, 0x18C7, 0x18E9, 0x18C8, 0x18C8, 0x18E9, 0x18C7, 0x1085, 0x1085, 0x1085, 0x1085, 0x10A6, 0x18C8,
 0x18C8, 0x18C8, 0x18C8, 0x10A7, 0x10A6, 0x10A7, 0x10A7, 0x10A7, 0x10A6, 0x1085, 0x1085, 0x1085, 0x1085, 0x1085, 0x1085, 0x1085,
 0x1085, 0x1085, 0x10A5, 0x18C8, 0x18C8, 0x18C8, 0x18C8, 0x18C8, 0x10A7, 0x10A6, 0x10A7, 0x10A7, 0x10A6, 0x1085, 0x1085, 0x1085,
 0x1085, 0x1085, 0x18C8, 0x18EA, 0x18E9, 0x18E9, 0x18EA, 0x10A7, 0x1085, 0x1085, 0x1085, 0x1085, 0x1086, 0x10A6, 0x10A6, 0x10A6,
 0x10A6, 0x10A6, 0x10A6, 0x10A6, 0x10A6, 0x10A6, 0x10A6, 0x1085, 0x1085, 0x1085, 0x1085, 0x1085, 0x10A6, 0x10A7, 0x10A6, 0x10A6,
 0x10A6, 0x1085, 0x1085, 0x1085, 0x1085, 0x1085, 0x10A6, 0x10A6, 0x10A6, 0x10A6, 0x10A6, 0x18C8, 0x210A, 0x18E9, 0x18E9, 0x18EA,
 0x18C8, 0x10A6, 0x10A6, 0x10A7, 0x10A7, 0x10A7, 0x10A6, 0x10A6, 0x10A6, 0x10A6, 0x10A6, 0x10A6, 0x10A6, 0x10A6, 0x10A6, 0x10A6,
 0x1085, 0x1085, 0x1085, 0x1085, 0x1085, 0x10A6, 0x10A7, 0x10A6, 0x10A6, 0x10A6, 0x1086, 0x1085, 0x1085, 0x1085, 0x1085, 0x10A6,
 0x10A7, 0x10A7, 0x10A7, 0x10A6, 0x10A7, 0x18C8, 0x18C7, 0x18C7, 0x18C8, 0x10A7, 0x1085, 0x1085, 0x1085, 0x1085, 0x10A5, 0x18C8,
 0x18C8, 0x18C8, 0x18C8, 0x10A7, 0x10A6, 0x10A6, 0x10A6, 0x10A7, 0x10A6, 0x1085, 0x1085, 0x1085, 0x1085, 0x1085, 0x1085, 0x1085,
 0x1085, 0x1085, 0x10A5, 0x18C8, 0x18C8, 0x18C8, 0x18C8, 0x18C8, 0x10A7, 0x10A6, 0x10A6, 0x10A6, 0x10A6, 0x1085, 0x1085, 0x1085,
 0x1085, 0x1085, 0x18C8, 0x18EA, 0x18E9, 0x18E9, 0x18E9, 0x10A7, 0x1085, 0x1085, 0x1085, 0x1085, 0x1086, 0x10A7, 0x10A6, 0x10A6,
 0x10A6, 0x10A6, 0x10A6, 0x10A6, 0x10A6, 0x10A6, 0x10A6, 0x1085, 0x1085, 0x1085, 0x1085, 0x1085, 0x10A6, 0x10A7, 0x10A6, 0x10A6,
 0x10A6, 0x1085, 0x1085, 0x1085, 0x1085, 0x1085, 0x10A6, 0x10A7, 0x10A6, 0x10A6, 0x10A6, 0x18C8, 0x18E9, 0x18E9, 0x18E9, 0x18E9,
 0x18C8, 0x10A6, 0x10A6, 0x10A6, 0x10A6, 0x10A6, 0x10A6, 0x10A6, 0x10A6, 0x10A6, 0x10A6, 0x10A6, 0x10A6, 0x10A6, 0x10A6, 0x10A6,
 0x1085, 0x1085, 0x1085, 0x1085, 0x1085, 0x10A6, 0x10A7, 0x10A6, 0x10A6, 0x10A6, 0x1086, 0x1085, 0x1085, 0x1085, 0x1085, 0x10A6,
 0x10A7, 0x10A6, 0x10A6, 0x10A6, 0x10A7, 0x18C8, 0x18C8, 0x18C8, 0x18C8, 0x18C7, 0x1085, 0x1085, 0x1085, 0x1085, 0x10A5, 0x18C8,
 0x18C8, 0x18C8, 0x18C8, 0x10A7, 0x10A6, 0x10A6, 0x10A6, 0x10A7, 0x10A6, 0x1085, 0x1085, 0x1085, 0x1085, 0x1085, 0x1085, 0x1085,
 0x1085, 0x1085, 0x10A5, 0x18C8, 0x18C8, 0x18C8, 0x18C8, 0x18C8, 0x10A6, 0x10A6, 0x10A6, 0x10A6, 0x10A6, 0x1085, 0x1085, 0x1085,
 0x1085, 0x1085, 0x18C8, 0x210A, 0x18E9, 0x18E9, 0x18EA, 0x10A7, 0x1085, 0x1085, 0x1085, 0x1085, 0x1085, 0x10A7, 0x10A6, 0x10A6,
 0x10A6, 0x10A6, 0x10A6, 0x10A6, 0x10A6, 0x10A6, 0x10A6, 0x1085, 0x1085, 0x1085, 0x1085, 0x1085, 0x10A6, 0x10A7, 0x10A6, 0x10A6,
 0x10A6, 0x1085, 0x1085, 0x1085, 0x1085, 0x1085, 0x10A6, 0x10A7, 0x10A6, 0x10A6, 0x10A6, 0x18C8, 0x18E9, 0x18E9, 0x18E9, 0x18E9,
 0x18C8, 0x10A6, 0x10A6, 0x10A6, 0x10A6, 0x10A6, 0x10A6, 0x10A6, 0x10A6, 0x10A6, 0x10A6, 0x10A6, 0x10A6, 0x10A6, 0x10A6, 0x10A6,
 0x1085, 0x1085, 0x1085, 0x1085, 0x1085, 0x10A6, 0x10A7, 0x10A6, 0x10A6, 0x10A6, 0x1086, 0x1085, 0x1085, 0x1085, 0x1085, 0x10A6,
 0x10A7, 0x10A6, 0x10A6, 0x10A6, 0x10A7, 0x18C8, 0x18C8, 0x18C8, 0x18C8, 0x18C7, 0x1085, 0x1085, 0x1085, 0x1085, 0x10A5, 0x18C8,
 0x18C7, 0x18C7, 0x18C8, 0x10A7, 0x10A6, 0x10A6, 0x10A6, 0x10A7, 0x10A6, 0x1085, 0x1085, 0x1085, 0x1085, 0x1085, 0x1085, 0x1085,
 0x1085, 0x1085, 0x1085, 0x18C8, 0x18C8, 0x18C8, 0x18C8, 0x18C8, 0x10A6, 0x10A6, 0x10A6, 0x10A6, 0x10A6, 0x1085, 0x1085, 0x1085,
 0x1085, 0x1085, 0x18C8, 0x210A, 0x18E9, 0x18E9, 0x18EA, 0x18C7, 0x1085, 0x1085, 0x1085, 0x1085, 0x1085, 0x10A7, 0x10A6, 0x10A6,
 0x10A6, 0x10A6, 0x10A6, 0x10A6, 0x10A6, 0x10A6, 0x10A6, 0x1085, 0x1085, 0x1085, 0x1085, 0x1085, 0x10A6, 0x10A7, 0x10A6, 0x10A6,
 0x10A6, 0x1085, 0x1085, 0x1085, 0x1085, 0x1085, 0x10A6, 0x10A7, 0x10A6, 0x10A6, 0x10A6, 0x18C8, 0x18E9, 0x18E9, 0x18E9, 0x18EA,
 0x18C8, 0x10A6, 0x10A6, 0x10A6, 0x10A6, 0x10A6, 0x10A6, 0x10A6, 0x10A6, 0x10A6, 0x10A6, 0x10A6, 0x10A6, 0x10A6, 0x10A6, 0x10A6,
 0x1085, 0x1085, 0x1085, 0x1085, 0x1085, 0x10A6, 0x10A7, 0x10A6, 0x10A6, 0x10A6, 0x10A5, 0x1085, 0x1085, 0x1085, 0x1085, 0x10A6,
 0x10A7, 0x10A6, 0x10A6, 0x10A6, 0x18C7, 0x18C8, 0x18C8, 0x18C8, 0x18C8, 0x18C7, 0x1085, 0x1085, 0x1085, 0x1085, 0x10A5, 0x18C8,
 0x294D, 0x294D, 0x294D, 0x210A, 0x10A6, 0x10A6, 0x10A6, 0x10A7, 0x10A6, 0x1085, 0x1085, 0x1085, 0x1085, 0x1085, 0x10A6, 0x10A6,
 0x10A6, 0x10A6, 0x10A6, 0x10A6, 0x10A6, 0x10A6, 0x10A6, 0x10A6, 0x18C8, 0x18E9, 0x18E8, 0x18E9, 0x18E8, 0x10A6, 0x1085, 0x1085,
 0x1085, 0x1085, 0x10A6, 0x10A6, 0x10A6, 0x10A6, 0x10A6, 0x10A7, 0x18C7, 0x18C7, 0x18C7, 0x18C7, 0x10A6, 0x1085, 0x1085, 0x1085,
 0x1085, 0x10A6, 0x18E8, 0x18E9, 0x18E8, 0x18E9, 0x18C8, 0x1085, 0x1085, 0x1085, 0x1085, 0x1085, 0x18C7, 0x18C8, 0x18C7, 0x18C8,
 0x18C7, 0x10A6, 0x1085, 0x1085, 0x1085, 0x1085, 0x10A6, 0x10A7, 0x10A6, 0x10A6, 0x10A6, 0x18C7, 0x18C8, 0x18C8, 0x18C8, 0x18C8,
 0x18C7, 0x10A6, 0x10A6, 0x10A6, 0x10A6, 0x10A7, 0x18C7, 0x18C7, 0x18C7, 0x18C8, 0x18C7, 0x10A6, 0x10A6, 0x10A6, 0x10A6, 0x10A6,
 0x10A6, 0x10A6, 0x10A6, 0x10A6, 0x10A6, 0x10A5, 0x1085, 0x1085, 0x1085, 0x1085, 0x10A6, 0x10A6, 0x10A6, 0x10A6, 0x10A6, 0x18C7,
 0x18C8, 0x18C7, 0x18C7, 0x18C8, 0x10A7, 0x1086, 0x10A6, 0x10A6, 0x10A6, 0x10A6, 0x18C7, 0x18C7, 0x18C7, 0x18C7, 0x18C7, 0x18C8,
 0x318F, 0x318F, 0x3190, 0x212B, 0x10A6, 0x10A6, 0x10A6, 0x10A7, 0x10A6, 0x1085, 0x1085, 0x1085, 0x1085, 0x1085, 0x10A7, 0x10A7,
 0x10A7, 0x10A7, 0x10A6, 0x1085, 0x1085, 0x1085, 0x1085, 0x1085, 0x18E9, 0x210A, 0x18E9, 0x18EA, 0x18E9, 0x10A6, 0x1085, 0x1085,
 0x1085, 0x1085, 0x1085, 0x1085, 0x1085, 0x1085, 0x1084, 0x10A6, 0x18E8, 0x18C8, 0x18C8, 0x18E8, 0x10A7, 0x1085, 0x1085, 0x1085,
 0x1085, 0x10A6, 0x18EA, 0x18EA, 0x18E9, 0x210A, 0x18E9, 0x1085, 0x1085, 0x1085, 0x1085, 0x1085, 0x18C8, 0x18C8, 0x18C8, 0x18C8,
 0x18C8, 0x10A6, 0x1085, 0x1085, 0x1085, 0x1085, 0x10A6, 0x10A7, 0x10A6, 0x10A6, 0x10A6, 0x18C7, 0x18C8, 0x18C8, 0x18C8, 0x18C8,
 0x18C7, 0x10A6, 0x10A6, 0x10A6, 0x10A6, 0x10A7, 0x18C8, 0x18C8, 0x18C8, 0x18C8, 0x18C8, 0x10A6, 0x10A6, 0x10A6, 0x10A6, 0x10A6,
 0x10A7, 0x10A7, 0x10A7, 0x10A7, 0x10A7, 0x1085, 0x1085, 0x1085, 0x1085, 0x1085, 0x10A6, 0x10A7, 0x10A7, 0x10A7, 0x10A7, 0x18C7,
 0x18C8, 0x18C8, 0x18C8, 0x18C8, 0x10A7, 0x1085, 0x1085, 0x1085, 0x1085, 0x10A6, 0x18C8, 0x18C8, 0x18C8, 0x18C8, 0x18C8, 0x18C8,
 0x296F, 0x296F, 0x318F, 0x210B, 0x10A6, 0x10A6, 0x10A6, 0x10A7, 0x10A6, 0x1085, 0x1085, 0x1085, 0x1085, 0x1085, 0x10A6, 0x10A6,
 0x10A6, 0x10A6, 0x10A6, 0x1085, 0x1085, 0x1085, 0x1085, 0x1085, 0x18E9, 0x18EA, 0x18E9, 0x18E9, 0x18E9, 0x10A6, 0x1085, 0x1085,
 0x1085, 0x1085, 0x1085, 0x1085, 0x1085, 0x1085, 0x1085, 0x10A6, 0x18C8, 0x18C8, 0x18C8, 0x18C8, 0x10A7, 0x1085, 0x1085, 0x1085,
 0x1085, 0x10A6, 0x18E9, 0x18E9, 0x18E9, 0x18E9, 0x18E9, 0x1085, 0x1085, 0x1085, 0x1085, 0x1085, 0x18C7, 0x18C8, 0x18C8, 0x18C8,
 0x18C8, 0x10A6, 0x1085, 0x1085, 0x1085, 0x1085, 0x10A6, 0x10A7, 0x10A6, 0x10A6, 0x10A6, 0x18C7, 0x18C8, 0x18C8, 0x18C8, 0x18C8,
 0x18C7, 0x10A6, 0x10A6, 0x10A6, 0x10A6, 0x10A7, 0x18C8, 0x18C8, 0x18C8, 0x18C8, 0x18C8, 0x10A6, 0x10A6, 0x10A6, 0x10A6, 0x10A6,
 0x10A6, 0x10A6, 0x10A6, 0x10A6, 0x10A6, 0x1085, 0x1085, 0x1085, 0x1085, 0x1085, 0x10A6, 0x10A7, 0x10A6, 0x10A6, 0x10A6, 0x18C7,
 0x18C8, 0x18C8, 0x18C8, 0x18C8, 0x10A7, 0x1085, 0x1085, 0x1085, 0x1085, 0x10A6, 0x18C8, 0x18C8, 0x18C8, 0x18C8, 0x18C8, 0x18C8,
 0x296F, 0x296F, 0x318F, 0x210B, 0x10A6, 0x10A6, 0x10A6, 0x10A7, 0x10A6, 0x1085, 0x1085, 0x1085, 0x1085, 0x1085, 0x10A6, 0x10A6,
 0x10A6, 0x10A6, 0x10A6, 0x1085, 0x1085, 0x1085, 0x1085, 0x1085, 0x18E9, 0x18EA, 0x18E9, 0x18E9, 0x18E9, 0x10A6, 0x1085, 0x1085,
 0x1085, 0x1085, 0x1085, 0x1085, 0x1085, 0x1085, 0x1085, 0x10A6, 0x18C8, 0x18C8, 0x18C8, 0x18C8, 0x10A7, 0x1085, 0x1085, 0x1085,
 0x1085, 0x10A6, 0x18E9, 0x18E9, 0x18E9, 0x18E9, 0x18E9, 0x1085, 0x1085, 0x1085, 0x1085, 0x1085, 0x18C7, 0x18C8, 0x18C8, 0x18C8,
 0x18C8, 0x10A6, 0x1085, 0x1085, 0x1085, 0x1085, 0x10A6, 0x10A7, 0x10A6, 0x10A6, 0x10A6, 0x18C7, 0x18C8, 0x18C8, 0x18C8, 0x18C8,
 0x18C7, 0x10A6, 0x10A6, 0x10A6, 0x10A6, 0x10A7, 0x18C8, 0x18C8, 0x18C8, 0x18C8, 0x18C8, 0x10A6, 0x10A6, 0x10A6, 0x10A6, 0x10A6,
 0x10A6, 0x10A6, 0x10A6, 0x10A6, 0x10A6, 0x1085, 0x1085, 0x1085, 0x1085, 0x1085, 0x10A6, 0x10A7, 0x10A6, 0x10A6, 0x10A6, 0x18C7,
 0x18C8, 0x18C8, 0x18C8, 0x18C8, 0x10A7, 0x1085, 0x1085, 0x1085, 0x1085, 0x10A6, 0x18C8, 0x18C8, 0x18C8, 0x18C8, 0x18C8, 0x18C8,
 0x296F, 0x296F, 0x2970, 0x210B, 0x1086, 0x10A6, 0x10A6, 0x10A6, 0x10A6, 0x1085, 0x1085, 0x1085, 0x1085, 0x1085, 0x10A7, 0x10A7,
 0x10A7, 0x10A7, 0x10A6, 0x1085, 0x1085, 0x1085, 0x1085, 0x1085, 0x18E9, 0x18EA, 0x18E9, 0x18E9, 0x18E9, 0x10A6, 0x1084, 0x1085,
 0x1085, 0x1085, 0x1085, 0x1085, 0x1085, 0x1085, 0x1085, 0x10A6, 0x18C8, 0x18C8, 0x18C8, 0x18C8, 0x10A7, 0x1085, 0x1085, 0x1085,
 0x1085, 0x10A6, 0x18E9, 0x18E9, 0x18E9, 0x18E9, 0x18E9, 0x1085, 0x1085, 0x1085, 0x1085, 0x1085, 0x18C8, 0x18E8, 0x18C8, 0x18C8,
 0x18C8, 0x1086, 0x1085, 0x1085, 0x1085, 0x1085, 0x10A6, 0x10A6, 0x10A6, 0x10A6, 0x10A6, 0x18C7, 0x18C8, 0x18C8, 0x18C8, 0x18C8,
 0x18C7, 0x10A6, 0x10A6, 0x10A6, 0x10A6, 0x10A7, 0x18C8, 0x18C8, 0x18C8, 0x18C8, 0x18C8, 0x10A6, 0x10A6, 0x10A6, 0x10A6, 0x10A6,
 0x10A6, 0x10A6, 0x10A6, 0x10A6, 0x10A6, 0x1085, 0x1085, 0x1085, 0x1085, 0x1085, 0x10A6, 0x10A7, 0x10A6, 0x10A6, 0x10A6, 0x18C7,
 0x18C8, 0x18C8, 0x18C8, 0x18C8, 0x10A7, 0x1085, 0x1085, 0x1085, 0x1085, 0x10A6, 0x18C8, 0x18C8, 0x18C8, 0x18C8, 0x18C8, 0x18C8,
 0x296B, 0x296B, 0x318C, 0x2109, 0x10A7, 0x18C7, 0x18C7, 0x18C7, 0x18C7, 0x10A7, 0x10A7, 0x10A7, 0x10A7, 0x10A6, 0x1086, 0x1086,
 0x1086, 0x1086, 0x10A6, 0x10A6, 0x10A6, 0x10A6, 0x10A6, 0x10A6, 0x18E8, 0x18E9, 0x18C8, 0x18C8, 0x18C8, 0x18C7, 0x10A7, 0x10A7,
 0x10A7, 0x10A7, 0x10A6, 0x1085, 0x1085, 0x1085, 0x1085, 0x10A6, 0x18C7, 0x10A7, 0x10A7, 0x10A7, 0x10A7, 0x10A7, 0x10A7, 0x10A7,
 0x10A7, 0x18C7, 0x18E9, 0x18E9, 0x18E9, 0x18E9, 0x18E9, 0x1085, 0x1085, 0x1085, 0x1085, 0x1085, 0x10A6, 0x10A6, 0x10A6, 0x10A6,
 0x10A6, 0x10A6, 0x10A6, 0x10A6, 0x10A6, 0x10A6, 0x10A7, 0x18C7, 0x18C7, 0x18C7, 0x18C7, 0x18C8, 0x18E9, 0x18E9, 0x18E9, 0x18E9,
 0x18C8, 0x10A6, 0x10A6, 0x10A6, 0x10A6, 0x10A7, 0x18C7, 0x10A7, 0x10A7, 0x10A7, 0x18C7, 0x18C7, 0x18C7, 0x18C7, 0x18C7, 0x18C7,
 0x10A7, 0x10A6, 0x10A6, 0x10A6, 0x10A6, 0x10A7, 0x10A7, 0x10A7, 0x10A7, 0x10A7, 0x10A6, 0x10A6, 0x10A6, 0x10A6, 0x10A6, 0x10A6,
 0x10A6, 0x10A6, 0x10A6, 0x10A6, 0x10A6, 0x1085, 0x1085, 0x1085, 0x1085, 0x10A6, 0x18C8, 0x18C8, 0x18C8, 0x18C8, 0x18C8, 0x18E9,
 0x2969, 0x2969, 0x3189, 0x2128, 0x18C8, 0x18C8, 0x18C8, 0x18C8, 0x18C8, 0x18C8, 0x18C8, 0x18C8, 0x18C8, 0x18C7, 0x1085, 0x1085,
 0x1085, 0x1085, 0x1085, 0x10A6, 0x10A7, 0x10A7, 0x10A7, 0x10A7, 0x18C8, 0x18C8, 0x18C8, 0x18C8, 0x18C8, 0x18C8, 0x18C8, 0x18C8,
 0x18C8, 0x18C8, 0x10A6, 0x1085, 0x1085, 0x1085, 0x1085, 0x10A6, 0x10A6, 0x10A6, 0x10A6, 0x10A6, 0x10A7, 0x18C8, 0x18C8, 0x18C8,
 0x18C8, 0x18C8, 0x18E9, 0x18E9, 0x18E9, 0x18E9, 0x18E9, 0x1085, 0x1085, 0x1085, 0x1085, 0x1085, 0x1085, 0x1085, 0x1085, 0x1085,
 0x1085, 0x10A6, 0x10A7, 0x10A7, 0x10A7, 0x10A7, 0x18C7, 0x18C8, 0x18C8, 0x18C8, 0x18C8, 0x18E9, 0x18E9, 0x18E9, 0x18E9, 0x18EA,
 0x18C8, 0x10A6, 0x10A6, 0x10A6, 0x10A6, 0x10A6, 0x10A6, 0x10A6, 0x10A6, 0x10A6, 0x10A7, 0x18C8, 0x18C8, 0x18C8, 0x18C8, 0x18C8,
 0x10A7, 0x10A6, 0x10A6, 0x10A6, 0x10A6, 0x18C8, 0x18C8, 0x18C8, 0x18C8, 0x18C8, 0x10A7, 0x10A6, 0x10A6, 0x10A6, 0x10A6, 0x1085,
 0x1085, 0x1085, 0x1085, 0x1085, 0x1085, 0x1085, 0x1085, 0x1085, 0x1085, 0x10A6, 0x18C8, 0x18C8, 0x18C8, 0x18C8, 0x18C8, 0x18E9,
 0x2969, 0x2969, 0x3189, 0x2129, 0x18C8, 0x18C8, 0x18C8, 0x18C8, 0x18C8, 0x18C8, 0x18C8, 0x18C8, 0x18C8, 0x18C7, 0x1085, 0x1085,
 0x1085, 0x1085, 0x1085, 0x10A6, 0x10A6, 0x10A6, 0x10A6, 0x10A7, 0x18C8, 0x18C8, 0x18C8, 0x18C8, 0x18C8, 0x18C8, 0x18C8, 0x18C8,
 0x18C8, 0x18C8, 0x10A6, 0x1085, 0x1085, 0x1085, 0x1085, 0x10A6, 0x10A7, 0x10A6, 0x10A6, 0x10A6, 0x10A7, 0x18C8, 0x18C8, 0x18C8,
 0x18C8, 0x18C8, 0x18E9, 0x18E9, 0x18E9, 0x18E9, 0x18E9, 0x1085, 0x1085, 0x1085, 0x1085, 0x1085, 0x1085, 0x1085, 0x1085, 0x1085,
 0x1085, 0x10A6, 0x10A7, 0x10A6, 0x10A6, 0x10A6, 0x18C7, 0x18C8, 0x18C8, 0x18C8, 0x18C8, 0x18E9, 0x18E9, 0x18E9, 0x18E9, 0x18E9,
 0x18C8, 0x10A6, 0x10A6, 0x10A6, 0x10A6, 0x10A6, 0x10A6, 0x10A6, 0x10A6, 0x10A6, 0x10A7, 0x18C8, 0x18C8, 0x18C8, 0x18C8, 0x18C8,
 0x10A7, 0x10A6, 0x10A6, 0x10A6, 0x10A6, 0x18C8, 0x18C8, 0x18C8, 0x18C8, 0x18C8, 0x10A7, 0x10A6, 0x10A6, 0x10A6, 0x10A6, 0x1086,
 0x1085, 0x1085, 0x1085, 0x1085, 0x1085, 0x1085, 0x1085, 0x1085, 0x1085, 0x10A6, 0x18C8, 0x18C8, 0x18C8, 0x18C8, 0x18C8, 0x18E9,
 0x2969, 0x2969, 0x3189, 0x2129, 0x18C8, 0x18C8, 0x18C8, 0x18C8, 0x18C8, 0x18C8, 0x18C8, 0x18C8, 0x18C8, 0x18C7, 0x1085, 0x1085,
 0x1085, 0x1085, 0x1085, 0x10A6, 0x10A6, 0x10A6, 0x10A6, 0x10A7, 0x18C8, 0x18C8, 0x18C8, 0x18C8, 0x18C8, 0x18C8, 0x18C8, 0x18C8,
 0x18C8, 0x18C8, 0x10A6, 0x1085, 0x1085, 0x1085, 0x1085, 0x10A6, 0x10A7, 0x10A6, 0x10A6, 0x10A6, 0x10A7, 0x18C8, 0x18C8, 0x18C8,
 0x18C8, 0x18C8, 0x18E9, 0x18E9, 0x18E9, 0x18E9, 0x18E9, 0x1085, 0x1085, 0x1085, 0x1085, 0x1085, 0x1085, 0x1085, 0x1085, 0x1085,
 0x1085, 0x10A6, 0x10A7, 0x10A6, 0x10A6, 0x10A6, 0x18C7, 0x18C8, 0x18C8, 0x18C8, 0x18C8, 0x18E9, 0x18E9, 0x18E9, 0x18E9, 0x18E9,
 0x18C8, 0x10A6, 0x10A6, 0x10A6, 0x10A6, 0x10A6, 0x10A6, 0x10A6, 0x10A6, 0x10A6, 0x10A7, 0x18C8, 0x18C8, 0x18C8, 0x18C8, 0x18C8,
 0x10A7, 0x10A6, 0x10A6, 0x10A6, 0x10A6, 0x18C8, 0x18C8, 0x18C8, 0x18C8, 0x18C8, 0x10A7, 0x10A6, 0x10A6, 0x10A6, 0x10A6, 0x1086,
 0x1085, 0x1085, 0x1085, 0x1085, 0x1085, 0x1085, 0x1085, 0x1085, 0x1085, 0x10A6, 0x18C8, 0x18C8, 0x18C8, 0x18C8, 0x18C8, 0x18E9,
 0x318A, 0x318A, 0x31AA, 0x2129, 0x18C8, 0x18C8, 0x18C8, 0x18C8, 0x18C8, 0x18C7, 0x18C7, 0x18C7, 0x18C8, 0x10A7, 0x1085, 0x1085,
 0x1085, 0x1085, 0x1085, 0x10A6, 0x10A6, 0x10A6, 0x10A6, 0x10A7, 0x18C8, 0x18C8, 0x18C8, 0x18C8, 0x18C8, 0x18C8, 0x18C8, 0x18C8,
 0x18C8, 0x18C8, 0x10A6, 0x1085, 0x1085, 0x1085, 0x1085, 0x10A6, 0x10A7, 0x10A7, 0x10A7, 0x10A7, 0x10A7, 0x18C8, 0x18C8, 0x18C8,
 0x18C8, 0x18C8, 0x210A, 0x18EA, 0x18EA, 0x210A, 0x18E9, 0x1085, 0x1085, 0x1085, 0x1085, 0x1085, 0x1085, 0x1085, 0x1085, 0x1085,
 0x1085, 0x10A6, 0x10A7, 0x10A6, 0x10A6, 0x10A6, 0x18C7, 0x18C8, 0x18C8, 0x18C8, 0x18C8, 0x18E9, 0x18E9, 0x18E9, 0x18E9, 0x18EA,
 0x18C8, 0x10A6, 0x10A6, 0x10A6, 0x10A6, 0x10A6, 0x10A6, 0x10A6, 0x10A6, 0x10A6, 0x10A7, 0x18C8, 0x18C8, 0x18C8, 0x18C8, 0x18C8,
 0x10A7, 0x10A6, 0x10A6, 0x10A6, 0x10A6, 0x18C8, 0x18C8, 0x18C8, 0x18C8, 0x18C8, 0x10A7, 0x10A6, 0x10A6, 0x10A6, 0x10A6, 0x1086,
 0x1085, 0x1085, 0x1085, 0x1085, 0x1085, 0x1085, 0x1085, 0x1085, 0x1085, 0x10A6, 0x18C8, 0x18C8, 0x18C8, 0x18C8, 0x18C8, 0x18E9,
 0x18C5, 0x18C5, 0x18C5, 0x18C6, 0x10A7, 0x10A7, 0x10A7, 0x10A7, 0x18C8, 0x210A, 0x18EA, 0x18EA, 0x210A, 0x18E9, 0x1085, 0x1085,
 0x1085, 0x1085, 0x1085, 0x10A6, 0x10A6, 0x10A6, 0x10A6, 0x10A6, 0x10A6, 0x10A6, 0x10A6, 0x10A6, 0x10A7, 0x18C8, 0x18C8, 0x18C8,
 0x18C8, 0x18C8, 0x10A6, 0x1085, 0x1085, 0x1085, 0x1085, 0x1085, 0x10A6, 0x1086, 0x1086, 0x1086, 0x10A7, 0x18E9, 0x18C9, 0x18C8,
 0x18C9, 0x18C8, 0x18C7, 0x18C7, 0x18C7, 0x18C7, 0x18C7, 0x10A7, 0x10A6, 0x10A6, 0x10A6, 0x10A6, 0x1085, 0x1085, 0x1085, 0x1085,
 0x1085, 0x10A6, 0x10A7, 0x10A6, 0x10A6, 0x10A6, 0x10A7, 0x18C7, 0x10A7, 0x10A7, 0x18C7, 0x18C8, 0x18E9, 0x18C9, 0x18C9, 0x18E9,
 0x18C8, 0x10A7, 0x10A7, 0x10A7, 0x10A7, 0x10A7, 0x10A6, 0x10A6, 0x10A6, 0x10A6, 0x10A6, 0x10A6, 0x10A6, 0x10A6, 0x10A6, 0x10A6,
 0x10A6, 0x10A6, 0x10A6, 0x10A6, 0x10A6, 0x10A6, 0x10A6, 0x10A6, 0x10A6, 0x10A6, 0x10A7, 0x18C7, 0x10A7, 0x10A7, 0x18C7, 0x10A6,
 0x1085, 0x1085, 0x1085, 0x1085, 0x1085, 0x10A6, 0x1086, 0x1086, 0x1086, 0x10A6, 0x18C8, 0x18C8, 0x18C8, 0x18C8, 0x18C8, 0x18E9,
 0x0000, 0x0000, 0x0000, 0x0863, 0x10A7, 0x10A6, 0x10A6, 0x10A6, 0x18E8, 0x294D, 0x294C, 0x212C, 0x294D, 0x210A, 0x1085, 0x1085,
 0x1085, 0x1085, 0x1085, 0x10A6, 0x10A6, 0x10A6, 0x10A6, 0x10A6, 0x1085, 0x1085, 0x1085, 0x1085, 0x1085, 0x18C7, 0x18C8, 0x18C8,
 0x18C8, 0x18C8, 0x10A6, 0x1085, 0x1085, 0x1085, 0x1085, 0x1085, 0x1085, 0x1085, 0x1085, 0x1085, 0x10A7, 0x210A, 0x18E9, 0x18E9,
 0x18EA, 0x18C8, 0x1085, 0x1084, 0x1085, 0x1084, 0x1085, 0x18C8, 0x18C8, 0x18C8, 0x18C8, 0x18C8, 0x1085, 0x1085, 0x1085, 0x1085,
 0x1085, 0x10A6, 0x10A7, 0x10A6, 0x10A6, 0x10A6, 0x10A6, 0x10A6, 0x10A6, 0x10A6, 0x10A6, 0x18C7, 0x18C8, 0x18C8, 0x18C8, 0x18C8,
 0x18C8, 0x18C8, 0x18C8, 0x18C8, 0x18C8, 0x18C7, 0x10A6, 0x10A6, 0x10A6, 0x10A7, 0x10A6, 0x1085, 0x1085, 0x1085, 0x1085, 0x1085,
 0x10A6, 0x10A7, 0x10A6, 0x10A6, 0x10A6, 0x1085, 0x1085, 0x1085, 0x1085, 0x1085, 0x10A7, 0x18C8, 0x18C8, 0x18C8, 0x18C8, 0x10A6,
 0x1085, 0x1085, 0x1085, 0x1085, 0x10A6, 0x10A7, 0x10A7, 0x10A7, 0x10A6, 0x10A7, 0x18C8, 0x18C8, 0x18C8, 0x18C8, 0x18C8, 0x18E9,
 0x0021, 0x0021, 0x0000, 0x0863, 0x18C7, 0x10A6, 0x10A6, 0x10A6, 0x18E8, 0x294C, 0x212C, 0x212C, 0x294D, 0x210A, 0x1085, 0x1085,
 0x1085, 0x1085, 0x1085, 0x10A6, 0x10A6, 0x10A6, 0x10A6, 0x10A6, 0x1085, 0x1085, 0x1085, 0x1085, 0x1085, 0x18C7, 0x18C8, 0x18C8,
 0x18C8, 0x18C8, 0x10A6, 0x1085, 0x1085, 0x1085, 0x1085, 0x1085, 0x1085, 0x1085, 0x1085, 0x1085, 0x10A7, 0x18EA, 0x18E9, 0x18E9,
 0x18E9, 0x18C8, 0x1085, 0x1085, 0x1085, 0x1085, 0x10A5, 0x18C8, 0x18C8, 0x18C8, 0x18C8, 0x18C8, 0x1085, 0x1085, 0x1085, 0x1085,
 0x1085, 0x10A6, 0x10A7, 0x10A6, 0x10A6, 0x10A6, 0x10A6, 0x10A6, 0x10A6, 0x10A6, 0x10A6, 0x18C7, 0x18C8, 0x18C8, 0x18C8, 0x18C8,
 0x18C8, 0x18C8, 0x18C8, 0x18C8, 0x18C8, 0x18C7, 0x10A6, 0x10A6, 0x10A6, 0x10A6, 0x10A6, 0x1085, 0x1085, 0x1085, 0x1085, 0x1085,
 0x10A6, 0x10A7, 0x10A6, 0x10A6, 0x10A6, 0x1085, 0x1085, 0x1085, 0x1085, 0x1085, 0x18C7, 0x18C8, 0x18C8, 0x18C8, 0x18C8, 0x10A6,
 0x1085, 0x1085, 0x1085, 0x1085, 0x1086, 0x10A7, 0x10A6, 0x10A6, 0x10A6, 0x10A7, 0x18C8, 0x18C8, 0x18C8, 0x18C8, 0x18C8, 0x18E9,
 0x0021, 0x0021, 0x0000, 0x0863, 0x18C7, 0x10A6, 0x10A6, 0x10A6, 0x18E8, 0x294C, 0x212C, 0x212C, 0x294D, 0x210A, 0x1085, 0x1085,
 0x1085, 0x1085, 0x1085, 0x10A6, 0x10A6, 0x10A6, 0x10A6, 0x10A6, 0x1085, 0x1085, 0x1085, 0x1085, 0x1085, 0x18C7, 0x18C8, 0x18C8,
 0x18C8, 0x18C8, 0x10A6, 0x1085, 0x1085, 0x1085, 0x1085, 0x1085, 0x1085, 0x1085, 0x1085, 0x1085, 0x10A7, 0x18EA, 0x18E9, 0x18E9,
 0x18E9, 0x18C8, 0x1085, 0x1085, 0x1085, 0x1085, 0x10A5, 0x18C8, 0x18C8, 0x18C8, 0x18C8, 0x18C8, 0x1085, 0x1085, 0x1085, 0x1085,
 0x1085, 0x10A6, 0x10A7, 0x10A6, 0x10A6, 0x10A6, 0x10A6, 0x10A6, 0x10A6, 0x10A6, 0x10A6, 0x18C7, 0x18C8, 0x18C8, 0x18C8, 0x18C8,
 0x18C8, 0x18C8, 0x18C8, 0x18C8, 0x18C8, 0x18C7, 0x10A6, 0x10A6, 0x10A6, 0x10A6, 0x10A6, 0x1085, 0x1085, 0x1085, 0x1085, 0x1085,
 0x10A6, 0x10A7, 0x10A6, 0x10A6, 0x10A6, 0x1085, 0x1085, 0x1085, 0x1085, 0x1085, 0x18C7, 0x18C8, 0x18C8, 0x18C8, 0x18C8, 0x10A6,
 0x1085, 0x1085, 0x1085, 0x1085, 0x1086, 0x10A7, 0x10A6, 0x10A6, 0x10A6, 0x10A7, 0x18C8, 0x18C8, 0x18C8, 0x18C8, 0x18C8, 0x18E9,
 0x0000, 0x0000, 0x0000, 0x0863, 0x18C7, 0x10A7, 0x10A7, 0x10A6, 0x18E9, 0x294D, 0x294C, 0x212C, 0x294D, 0x210A, 0x1085, 0x1085,
 0x1085, 0x1085, 0x1085, 0x10A6, 0x10A6, 0x10A6, 0x10A6, 0x10A6, 0x1085, 0x1085, 0x1085, 0x1085, 0x1085, 0x18C7, 0x18C8, 0x18C8,
 0x18C8, 0x18C8, 0x10A6, 0x1085, 0x1085, 0x1085, 0x1085, 0x1085, 0x1085, 0x1085, 0x1085, 0x1085, 0x10A7, 0x210A, 0x18EA, 0x18E9,
 0x210A, 0x18C8, 0x1085, 0x1085, 0x1085, 0x1085, 0x1085, 0x18C8, 0x18C8, 0x18C8, 0x18C8, 0x18C8, 0x1085, 0x1085, 0x1085, 0x1085,
 0x1085, 0x10A6, 0x10A7, 0x10A6, 0x10A6, 0x10A6, 0x10A6, 0x10A6, 0x10A6, 0x10A6, 0x10A6, 0x18C7, 0x18C8, 0x18C8, 0x18C8, 0x18C8,
 0x18C8, 0x18C8, 0x18C8, 0x18C8, 0x18C8, 0x18C7, 0x10A6, 0x10A6, 0x10A6, 0x10A6, 0x10A6, 0x1085, 0x1085, 0x1085, 0x1085, 0x1085,
 0x10A6, 0x10A7, 0x10A7, 0x10A7, 0x10A6, 0x1085, 0x1085, 0x1085, 0x1085, 0x1085, 0x18C7, 0x18E8, 0x18C8, 0x18C8, 0x18C8, 0x10A6,
 0x1085, 0x1085, 0x1085, 0x1085, 0x1086, 0x10A7, 0x10A6, 0x10A6, 0x10A6, 0x10A7, 0x18C8, 0x18C8, 0x18C8, 0x18C8, 0x18C8, 0x18E9,
 0x0842, 0x0842, 0x0842, 0x1084, 0x10A6, 0x10A6, 0x10A6, 0x10A5, 0x18C7, 0x210B, 0x210B, 0x210A, 0x210B, 0x18E9, 0x1085, 0x1085,
 0x1086, 0x1086, 0x10A6, 0x10A6, 0x10A6, 0x10A6, 0x10A6, 0x10A6, 0x10A6, 0x1085, 0x1086, 0x1085, 0x1085, 0x18C7, 0x18C8, 0x18C8,
 0x18C8, 0x18C8, 0x10A7, 0x10A6, 0x10A6, 0x10A6, 0x10A6, 0x10A6, 0x1085, 0x1085, 0x1085, 0x1085, 0x10A6, 0x18E8, 0x18E8, 0x18E8,
 0x18E8, 0x18C8, 0x10A6, 0x10A6, 0x10A6, 0x10A6, 0x10A6, 0x18C8, 0x18C8, 0x18C8, 0x18C8, 0x18C8, 0x1085, 0x1085, 0x1085, 0x1085,
 0x1085, 0x10A6, 0x10A7, 0x10A6, 0x10A6, 0x10A6, 0x10A7, 0x18C7, 0x10A7, 0x10A7, 0x10A7, 0x10A7, 0x10A7, 0x18C7, 0x18C7, 0x18C7,
 0x10A7, 0x18C7, 0x18C7, 0x18C7, 0x18C7, 0x18C7, 0x18C7, 0x10A7, 0x10A7, 0x10A7, 0x10A7, 0x10A6, 0x10A6, 0x10A6, 0x10A6, 0x10A6,
 0x10A6, 0x10A6, 0x10A6, 0x10A6, 0x10A6, 0x10A6, 0x10A6, 0x10A6, 0x10A6, 0x10A6, 0x10A7, 0x10A7, 0x18C7, 0x18C7, 0x18C7, 0x10A6,
 0x1085, 0x1085, 0x1085, 0x1085, 0x1086, 0x10A7, 0x10A6, 0x10A6, 0x10A6, 0x10A7, 0x18E8, 0x18C8, 0x18C8, 0x18C8, 0x18C8, 0x18C8,
 0x18C5, 0x18C5, 0x18C5, 0x18C5, 0x10A4, 0x10A4, 0x10A4, 0x10A4, 0x10A5, 0x18C8, 0x18C8, 0x18C7, 0x18C8, 0x18C7, 0x10A7, 0x10A7,
 0x10A7, 0x10A7, 0x10A7, 0x10A6, 0x10A6, 0x10A6, 0x10A6, 0x10A6, 0x10A7, 0x10A7, 0x10A7, 0x10A7, 0x10A7, 0x18C7, 0x18C8, 0x18C8,
 0x18C8, 0x18C8, 0x18C8, 0x18C8, 0x18C8, 0x18C8, 0x18C8, 0x10A6, 0x1085, 0x1085, 0x1085, 0x1085, 0x1085, 0x10A6, 0x10A6, 0x10A6,
 0x10A6, 0x10A7, 0x18C8, 0x18C8, 0x18C8, 0x18C8, 0x18C8, 0x18C8, 0x18C8, 0x18C8, 0x18C8, 0x18C8, 0x1085, 0x1085, 0x1085, 0x1085,
 0x1085, 0x10A6, 0x10A7, 0x10A6, 0x10A6, 0x10A6, 0x18C7, 0x18C8, 0x18C8, 0x18C8, 0x18C8, 0x10A6, 0x1085, 0x1085, 0x1085, 0x1085,
 0x1085, 0x10A6, 0x10A6, 0x10A6, 0x10A6, 0x10A7, 0x18C8, 0x18C8, 0x18C8, 0x18C8, 0x18C8, 0x18C8, 0x18C8, 0x18C8, 0x18C8, 0x18C8,
 0x1085, 0x1085, 0x1085, 0x1085, 0x1085, 0x18C7, 0x18E8, 0x18C8, 0x18C8, 0x18C8, 0x10A6, 0x1085, 0x1085, 0x1085, 0x1085, 0x1085,
 0x1085, 0x1085, 0x1085, 0x1085, 0x1086, 0x10A7, 0x10A6, 0x10A6, 0x10A6, 0x18C7, 0x18E9, 0x18E9, 0x18E9, 0x18EA, 0x18E9, 0x10A6,
 0x10A5, 0x10A5, 0x10A5, 0x10A4, 0x10A4, 0x10A4, 0x10A4, 0x10A4, 0x10A6, 0x18C8, 0x18C8, 0x18C8, 0x18C8, 0x18C7, 0x10A6, 0x10A6,
 0x10A6, 0x10A6, 0x10A6, 0x10A6, 0x10A6, 0x10A6, 0x10A6, 0x10A6, 0x10A6, 0x10A6, 0x10A6, 0x10A6, 0x10A6, 0x18C7, 0x18C8, 0x18C8,
 0x18C8, 0x18C8, 0x18C8, 0x18C8, 0x18C8, 0x18C8, 0x18C8, 0x10A6, 0x1085, 0x1085, 0x1085, 0x1085, 0x1086, 0x10A7, 0x10A6, 0x10A6,
 0x10A6, 0x10A7, 0x18C8, 0x18C8, 0x18C8, 0x18C8, 0x18C8, 0x18C8, 0x18C8, 0x18C8, 0x18C8, 0x18C8, 0x1085, 0x1085, 0x1085, 0x1085,
 0x1085, 0x10A6, 0x10A7, 0x10A6, 0x10A6, 0x10A6, 0x18C7, 0x18C8, 0x18C8, 0x18C8, 0x18C8, 0x10A6, 0x1085, 0x1085, 0x1085, 0x1085,
 0x1086, 0x10A7, 0x10A6, 0x10A6, 0x10A6, 0x10A7, 0x18C8, 0x18C8, 0x18C8, 0x18C8, 0x18C8, 0x18C8, 0x18C8, 0x18C8, 0x18C8, 0x18C8,
 0x1085, 0x1085, 0x1085, 0x1085, 0x1085, 0x18C7, 0x18C8, 0x18C8, 0x18C8, 0x18C8, 0x10A6, 0x1085, 0x1085, 0x1085, 0x1085, 0x1085,
 0x1085, 0x1085, 0x1085, 0x1085, 0x1086, 0x10A7, 0x10A6, 0x10A6, 0x10A6, 0x18C7, 0x18E9, 0x18E9, 0x18E9, 0x18E9, 0x18E9, 0x10A6,
 0x10A4, 0x10A4, 0x10A4, 0x10A4, 0x10A4, 0x10A4, 0x10A4, 0x10A4, 0x10A6, 0x18C8, 0x18C8, 0x18C8, 0x18C8, 0x18C7, 0x10A6, 0x10A6,
 0x10A6, 0x10A6, 0x10A6, 0x10A6, 0x10A6, 0x10A6, 0x10A6, 0x10A6, 0x10A6, 0x10A6, 0x10A6, 0x10A6, 0x10A6, 0x18C7, 0x18C8, 0x18C8,
 0x18C8, 0x18C8, 0x18C8, 0x18C8, 0x18C8, 0x18C8, 0x18C8, 0x10A6, 0x1085, 0x1085, 0x1085, 0x1085, 0x1086, 0x10A7, 0x10A6, 0x10A6,
 0x10A6, 0x10A7, 0x18C8, 0x18C8, 0x18C8, 0x18C8, 0x18C8, 0x18C8, 0x18C8, 0x18C8, 0x18C8, 0x18C8, 0x1085, 0x1085, 0x1085, 0x1085,
 0x1085, 0x10A6, 0x10A7, 0x10A6, 0x10A6, 0x10A6, 0x18C7, 0x18C8, 0x18C8, 0x18C8, 0x18C8, 0x10A6, 0x1085, 0x1085, 0x1085, 0x1085,
 0x1086, 0x10A7, 0x10A6, 0x10A6, 0x10A6, 0x10A7, 0x18C8, 0x18C8, 0x18C8, 0x18C8, 0x18C8, 0x18C8, 0x18C8, 0x18C8, 0x18C8, 0x18C8,
 0x1085, 0x1085, 0x1085, 0x1085, 0x1085, 0x18C7, 0x18C8, 0x18C8, 0x18C8, 0x18C8, 0x10A6, 0x1085, 0x1085, 0x1085, 0x1085, 0x1085,
 0x1085, 0x1085, 0x1085, 0x1085, 0x1086, 0x10A7, 0x10A6, 0x10A6, 0x10A6, 0x18C7, 0x18E9, 0x18E9, 0x18E9, 0x18E9, 0x18E9, 0x10A6,
 0x10A4, 0x10A4, 0x10A4, 0x10A4, 0x10A4, 0x10A4, 0x10A4, 0x10A4, 0x10A5, 0x18C8, 0x18C8, 0x18C8, 0x18C8, 0x10A7, 0x10A6, 0x10A6,
 0x10A6, 0x10A6, 0x10A6, 0x10A6, 0x10A6, 0x10A6, 0x10A6, 0x10A6, 0x10A7, 0x10A7, 0x10A7, 0x10A7, 0x10A7, 0x18C7, 0x18C8, 0x18C8,
 0x18C8, 0x18C8, 0x18C8, 0x18C8, 0x18C8, 0x18C8, 0x18C8, 0x10A6, 0x1085, 0x1085, 0x1085, 0x1085, 0x1086, 0x10A7, 0x10A7, 0x10A7,
 0x10A6, 0x10A7, 0x18C8, 0x18C8, 0x18C8, 0x18C8, 0x18C8, 0x18C8, 0x18C8, 0x18C8, 0x18C8, 0x18C8, 0x1085, 0x0864, 0x1084, 0x1084,
 0x1084, 0x10A6, 0x10A6, 0x10A6, 0x10A6, 0x10A6, 0x18C7, 0x18C8, 0x18C8, 0x18C8, 0x18C8, 0x10A6, 0x1085, 0x1085, 0x1085, 0x1085,
 0x1085, 0x10A7, 0x10A6, 0x10A6, 0x10A6, 0x10A7, 0x18C8, 0x18C8, 0x18C8, 0x18C8, 0x18C8, 0x18C8, 0x18C8, 0x18C8, 0x18C8, 0x18C8,
 0x1085, 0x1085, 0x1085, 0x1085, 0x1085, 0x18C7, 0x18C8, 0x18C8, 0x18C8, 0x18C8, 0x10A6, 0x1085, 0x1085, 0x1085, 0x1085, 0x1085,
 0x1085, 0x1085, 0x1085, 0x1085, 0x1086, 0x10A7, 0x10A6, 0x10A6, 0x10A6, 0x18C7, 0x18EA, 0x18EA, 0x18E9, 0x18EA, 0x18E9, 0x10A6,
 0x18E6, 0x18E6, 0x18E6, 0x18E6, 0x18E6, 0x18E6, 0x18E6, 0x18E6, 0x18E7, 0x18E8, 0x18E8, 0x18E8, 0x18E8, 0x18E8, 0x10A7, 0x10A7,
 0x10A7, 0x10A7, 0x10A7, 0x10A7, 0x10A7, 0x10A7, 0x10A7, 0x10A7, 0x10A6, 0x10A6, 0x10A6, 0x10A6, 0x10A6, 0x18C7, 0x18C8, 0x18C8,
 0x18C8, 0x18C8, 0x18C8, 0x18C8, 0x18C8, 0x18C8, 0x18C8, 0x10A7, 0x1085, 0x1085, 0x1085, 0x1085, 0x10A6, 0x10A6, 0x10A6, 0x10A6,
 0x10A6, 0x10A6, 0x18C7, 0x18C7, 0x18C7, 0x18C7, 0x18C8, 0x18C8, 0x18C8, 0x18C8, 0x18C8, 0x18C8, 0x10A7, 0x10A7, 0x10A7, 0x10A7,
 0x10A7, 0x18C7, 0x18C7, 0x18C7, 0x18C7, 0x18C7, 0x18C7, 0x18C8, 0x18C7, 0x18C7, 0x18C8, 0x10A6, 0x1085, 0x1085, 0x1085, 0x1085,
 0x1086, 0x10A7, 0x10A6, 0x10A6, 0x10A6, 0x10A7, 0x18C8, 0x18C8, 0x18C8, 0x18C8, 0x18C8, 0x18C7, 0x18C7, 0x18C7, 0x18C8, 0x18C7,
 0x1085, 0x1085, 0x1085, 0x1085, 0x1085, 0x10A7, 0x18C8, 0x18C7, 0x18C7, 0x18C8, 0x10A6, 0x1085, 0x1085, 0x1085, 0x1085, 0x1085,
 0x1085, 0x1085, 0x1085, 0x1085, 0x1086, 0x10A7, 0x10A6, 0x10A6, 0x10A6, 0x18C7, 0x18E9, 0x18E9, 0x18E8, 0x18E9, 0x18E8, 0x18C7,
 0x31AB, 0x31AB, 0x31AB, 0x31AB, 0x31AB, 0x31AB, 0x31AB, 0x31AB, 0x318A, 0x2969, 0x3189, 0x3189, 0x318A, 0x2949, 0x18C8, 0x18C8,
 0x18C8, 0x18C8, 0x18C8, 0x18C8, 0x18C8, 0x18C8, 0x18C8, 0x18C8, 0x1085, 0x1085, 0x1085, 0x1085, 0x1085, 0x18C7, 0x18C8, 0x18C8,
 0x18C8, 0x18C8, 0x18C8, 0x18C8, 0x18C8, 0x18C8, 0x18C8, 0x18C7, 0x10A6, 0x10A6, 0x10A6, 0x10A7, 0x10A6, 0x1085, 0x1085, 0x1085,
 0x1085, 0x1085, 0x10A6, 0x10A6, 0x10A6, 0x10A6, 0x10A7, 0x18C8, 0x18C8, 0x18C8, 0x18C8, 0x18C8, 0x212C, 0x294D, 0x212C, 0x212C,
 0x212C, 0x210A, 0x18E9, 0x18E9, 0x18E9, 0x18E9, 0x18C7, 0x10A6, 0x10A6, 0x10A6, 0x10A6, 0x10A6, 0x10A6, 0x10A6, 0x10A6, 0x10A6,
 0x10A6, 0x10A6, 0x10A6, 0x10A6, 0x10A6, 0x10A7, 0x18C8, 0x18C8, 0x18C8, 0x18C8, 0x18C8, 0x10A6, 0x10A6, 0x10A6, 0x10A6, 0x10A6,
 0x1085, 0x1085, 0x1085, 0x1085, 0x1085, 0x10A6, 0x10A7, 0x10A6, 0x10A6, 0x10A6, 0x1085, 0x1085, 0x1085, 0x1085, 0x1085, 0x10A6,
 0x10A7, 0x10A6, 0x10A6, 0x10A6, 0x10A6, 0x10A6, 0x10A6, 0x10A6, 0x10A6, 0x10A6, 0x10A6, 0x10A6, 0x10A6, 0x10A6, 0x18C7, 0x18E9,
 0x31AB, 0x31AB, 0x31AB, 0x31AB, 0x31AB, 0x31AB, 0x31AB, 0x31AB, 0x318A, 0x2969, 0x3189, 0x3189, 0x318A, 0x2949, 0x18C8, 0x18C8,
 0x18C8, 0x18C8, 0x18C8, 0x18C8, 0x18C8, 0x18C8, 0x18C8, 0x18C8, 0x1085, 0x1085, 0x1085, 0x1085, 0x1085, 0x18C7, 0x18C8, 0x18C8,
 0x18C8, 0x18C8, 0x18C8, 0x18C8, 0x18C8, 0x18C8, 0x18C8, 0x10A7, 0x10A6, 0x10A6, 0x10A6, 0x10A7, 0x10A6, 0x1085, 0x1085, 0x1085,
 0x1085, 0x1085, 0x10A6, 0x10A6, 0x10A6, 0x10A6, 0x10A7, 0x18C8, 0x18C8, 0x18C8, 0x18C8, 0x18C8, 0x212C, 0x294C, 0x212C, 0x212C,
 0x212C, 0x210A, 0x18E9, 0x18E9, 0x18E9, 0x18E9, 0x18C7, 0x10A6, 0x10A6, 0x10A6, 0x10A6, 0x10A6, 0x10A6, 0x10A6, 0x10A6, 0x10A6,
 0x10A6, 0x10A6, 0x10A6, 0x10A6, 0x10A6, 0x10A7, 0x18C8, 0x18C8, 0x18C8, 0x18C8, 0x18C8, 0x10A6, 0x10A6, 0x10A6, 0x10A6, 0x10A6,
 0x1085, 0x1085, 0x1085, 0x1085, 0x1085, 0x10A6, 0x10A7, 0x10A6, 0x10A6, 0x10A6, 0x1086, 0x1085, 0x1085, 0x1085, 0x1085, 0x10A6,
 0x10A7, 0x10A6, 0x10A6, 0x10A6, 0x10A6, 0x10A6, 0x10A6, 0x10A6, 0x10A6, 0x10A6, 0x10A6, 0x10A6, 0x10A6, 0x10A6, 0x18C7, 0x18E9,
 0x31AB, 0x31AB, 0x31AB, 0x31AB, 0x31AB, 0x31AB, 0x31AB, 0x31AB, 0x318A, 0x2969, 0x2969, 0x2969, 0x318A, 0x2949, 0x18C8, 0x18C8,
 0x18C8, 0x18C8, 0x18C8, 0x18C8, 0x18C8, 0x18C8, 0x18C8, 0x18C8, 0x1085, 0x1085, 0x1085, 0x1085, 0x1085, 0x18C7, 0x18C8, 0x18C8,
 0x18C8, 0x18C8, 0x18C8, 0x18C8, 0x18C8, 0x18C8, 0x18C8, 0x10A7, 0x10A6, 0x10A6, 0x10A6, 0x10A7, 0x10A6, 0x1085, 0x1085, 0x1085,
 0x1085, 0x1085, 0x10A6, 0x10A6, 0x10A6, 0x10A6, 0x10A7, 0x18C8, 0x18C8, 0x18C8, 0x18C8, 0x18C8, 0x212B, 0x212C, 0x212C, 0x212C,
 0x212C, 0x210A, 0x18E9, 0x18E9, 0x18E9, 0x18E9, 0x18C7, 0x10A6, 0x10A6, 0x10A6, 0x10A6, 0x10A6, 0x10A6, 0x10A6, 0x10A6, 0x10A6,
 0x10A6, 0x10A6, 0x10A6, 0x10A6, 0x10A6, 0x10A7, 0x18C8, 0x18C8, 0x18C8, 0x18C8, 0x18C8, 0x10A6, 0x10A6, 0x10A6, 0x10A6, 0x10A6,
 0x1085, 0x1085, 0x1085, 0x1085, 0x1085, 0x10A6, 0x10A7, 0x10A6, 0x10A6, 0x10A6, 0x1086, 0x1085, 0x1085, 0x1085, 0x1085, 0x10A6,
 0x10A7, 0x10A6, 0x10A6, 0x10A6, 0x10A6, 0x10A6, 0x10A6, 0x10A6, 0x10A6, 0x10A6, 0x10A6, 0x10A6, 0x10A6, 0x10A6, 0x18C7, 0x18E9,
 0x31AB, 0x31AB, 0x31AB, 0x31AB, 0x31AB, 0x31AB, 0x31AB, 0x31AB, 0x318A, 0x2969, 0x2969, 0x2969, 0x318A, 0x2949, 0x10A7, 0x10A7,
 0x10A7, 0x10A7, 0x18C8, 0x18C8, 0x18C8, 0x18C8, 0x18C8, 0x18C8, 0x1085, 0x1085, 0x1085, 0x1085, 0x1085, 0x18C7, 0x18E8, 0x18C8,
 0x18C8, 0x18C8, 0x18C8, 0x18C8, 0x18C8, 0x18C8, 0x18C8, 0x10A7, 0x10A6, 0x10A7, 0x10A7, 0x10A7, 0x10A6, 0x1085, 0x1085, 0x1085,
 0x1085, 0x1085, 0x10A6, 0x10A6, 0x10A6, 0x10A6, 0x10A7, 0x18C8, 0x18C8, 0x18C8, 0x18C8, 0x18C8, 0x212C, 0x212C, 0x212C, 0x212C,
 0x212C, 0x210A, 0x18E9, 0x18E9, 0x18E9, 0x18E9, 0x18C7, 0x10A6, 0x10A6, 0x10A6, 0x10A6, 0x10A6, 0x10A6, 0x10A6, 0x10A6, 0x10A6,
 0x10A6, 0x10A7, 0x10A7, 0x10A7, 0x10A6, 0x10A7, 0x18C8, 0x18C8, 0x18C7, 0x18C7, 0x18C7, 0x10A7, 0x10A7, 0x10A7, 0x10A7, 0x10A6,
 0x1085, 0x1085, 0x1085, 0x1085, 0x1085, 0x10A6, 0x10A7, 0x10A6, 0x10A6, 0x10A6, 0x1086, 0x1085, 0x1085, 0x1085, 0x1085, 0x10A6,
 0x10A7, 0x10A6, 0x10A6, 0x10A6, 0x10A6, 0x10A6, 0x10A6, 0x10A6, 0x10A6, 0x10A6, 0x10A6, 0x10A6, 0x10A6, 0x10A6, 0x10A7, 0x1089,
 0x318A, 0x318A, 0x318A, 0x31AA, 0x31AB, 0x31AB, 0x31AB, 0x31AB, 0x318A, 0x2969, 0x296A, 0x296A, 0x318A, 0x2949, 0x18E8, 0x18E8,
 0x18E8, 0x18E8, 0x18E8, 0x18C8, 0x18C8, 0x18C8, 0x18C8, 0x18C8, 0x10A6, 0x1085, 0x1085, 0x1085, 0x1085, 0x18C7, 0x18C8, 0x18C7,
 0x18C7, 0x18C7, 0x18C8, 0x18C8, 0x18C8, 0x18C8, 0x18C8, 0x18C7, 0x10A6, 0x10A6, 0x10A6, 0x10A6, 0x10A6, 0x1085, 0x1085, 0x1085,
 0x1085, 0x1086, 0x10A6, 0x10A6, 0x10A6, 0x10A6, 0x10A7, 0x18C7, 0x18C7, 0x18C7, 0x18C7, 0x18C8, 0x210B, 0x212C, 0x212C, 0x212C,
 0x212C, 0x18EA, 0x18E9, 0x18E9, 0x18E9, 0x18E9, 0x18C8, 0x10A7, 0x10A7, 0x10A7, 0x10A7, 0x10A7, 0x10A6, 0x10A6, 0x10A6, 0x10A6,
 0x10A6, 0x10A6, 0x10A6, 0x10A6, 0x10A6, 0x10A7, 0x18C8, 0x18C8, 0x18C8, 0x18C8, 0x18C8, 0x10A6, 0x10A6, 0x10A6, 0x10A6, 0x10A6,
 0x1085, 0x1085, 0x1085, 0x1085, 0x1085, 0x10A6, 0x10A6, 0x10A6, 0x10A6, 0x10A6, 0x10A6, 0x1085, 0x1085, 0x1085, 0x1085, 0x10A6,
 0x10A7, 0x10A6, 0x10A6, 0x10A6, 0x10A6, 0x10A6, 0x10A6, 0x10A6, 0x10A6, 0x10A7, 0x10A7, 0x10A7, 0x10A7, 0x10A6, 0x18C7, 0x31AA,
 0x2948, 0x2948, 0x2948, 0x2969, 0x318A, 0x2969, 0x2969, 0x2969, 0x318A, 0x31AB, 0x31AB, 0x31AB, 0x31AA, 0x39CB, 0x420D, 0x420D,
 0x39ED, 0x420D, 0x39CC, 0x18E8, 0x18C8, 0x18C8, 0x18C8, 0x18C8, 0x18C8, 0x18C8, 0x18C8, 0x18C8, 0x18C8, 0x10A6, 0x1085, 0x1085,
 0x1085, 0x1085, 0x18C8, 0x18EA, 0x18E9, 0x18E9, 0x18E9, 0x18C7, 0x1085, 0x1085, 0x1085, 0x1085, 0x10A6, 0x10A6, 0x10A6, 0x10A6,
 0x10A6, 0x10A6, 0x10A6, 0x10A6, 0x10A6, 0x10A7, 0x10A6, 0x1085, 0x1085, 0x1085, 0x1085, 0x1085, 0x18E9, 0x18E9, 0x18E9, 0x18E9,
 0x18E9, 0x18C8, 0x18C8, 0x18C8, 0x18C8, 0x18C8, 0x18E9, 0x18E9, 0x18E9, 0x18E9, 0x18E9, 0x18C8, 0x10A6, 0x10A6, 0x10A6, 0x10A7,
 0x10A6, 0x1085, 0x1085, 0x1085, 0x1085, 0x10A7, 0x212C, 0x212C, 0x212C, 0x212C, 0x210B, 0x1085, 0x1085, 0x1085, 0x1085, 0x1085,
 0x18C7, 0x18C8, 0x18C8, 0x18C8, 0x18C8, 0x10A7, 0x10A6, 0x10A6, 0x10A6, 0x10A6, 0x10A6, 0x10A6, 0x10A6, 0x10A6, 0x10A6, 0x10A6,
 0x10A6, 0x10A6, 0x10A6, 0x10A6, 0x10A6, 0x10A6, 0x10A6, 0x10A6, 0x10A6, 0x10A7, 0x18C8, 0x18C8, 0x18C8, 0x0867, 0x39C9, 0xD631,
 0x2948, 0x2948, 0x2948, 0x2949, 0x296A, 0x2969, 0x2969, 0x2969, 0x318A, 0x31AB, 0x31AB, 0x31AB, 0x31AA, 0x39CB, 0x420D, 0x420E,
 0x420D, 0x422E, 0x39ED, 0x18E8, 0x18C8, 0x18C8, 0x18C8, 0x18C8, 0x18C8, 0x18C8, 0x18C8, 0x18C8, 0x18C8, 0x10A6, 0x1085, 0x1085,
 0x1085, 0x1085, 0x18C8, 0x18EA, 0x18E9, 0x18E9, 0x18E9, 0x10A7, 0x1085, 0x1085, 0x1085, 0x1085, 0x1086, 0x10A7, 0x10A6, 0x10A6,
 0x10A6, 0x10A6, 0x10A6, 0x10A6, 0x10A6, 0x10A7, 0x10A6, 0x1085, 0x1085, 0x1085, 0x1085, 0x1085, 0x18E9, 0x18E9, 0x18E9, 0x18E9,
 0x18E9, 0x18C8, 0x18C8, 0x18C8, 0x18C8, 0x18C8, 0x18E9, 0x18E9, 0x18E9, 0x18E9, 0x18EA, 0x18C8, 0x10A6, 0x10A6, 0x10A6, 0x10A7,
 0x10A6, 0x1085, 0x1085, 0x1085, 0x1084, 0x10A7, 0x294C, 0x294C, 0x212C, 0x294D, 0x210B, 0x1085, 0x1085, 0x1085, 0x1085, 0x1085,
 0x18C8, 0x18C8, 0x18C8, 0x18C8, 0x18C8, 0x10A7, 0x10A6, 0x10A6, 0x10A6, 0x10A6, 0x10A6, 0x10A6, 0x10A6, 0x10A6, 0x10A6, 0x10A6,
 0x10A6, 0x10A6, 0x10A6, 0x10A6, 0x10A6, 0x10A6, 0x10A6, 0x10A6, 0x10A6, 0x10A7, 0x18C8, 0x18C8, 0x18C8, 0x0867, 0x39CA, 0xEEB2,
 0x2948, 0x2948, 0x2948, 0x2949, 0x296A, 0x2969, 0x2969, 0x2969, 0x318A, 0x31AB, 0x31AB, 0x31AB, 0x31AA, 0x39CB, 0x420D, 0x420D,
 0x420D, 0x420E, 0x39CC, 0x18E8, 0x18C8, 0x18C8, 0x18C8, 0x18C8, 0x18C8, 0x18C8, 0x18C8, 0x18C8, 0x18C8, 0x10A6, 0x1085, 0x1085,
 0x1085, 0x1085, 0x18C8, 0x18EA, 0x18E9, 0x18E9, 0x18E9, 0x10A7, 0x1085, 0x1085, 0x1085, 0x1085, 0x1086, 0x10A7, 0x10A6, 0x10A6,
 0x10A6, 0x10A6, 0x10A6, 0x10A6, 0x10A6, 0x10A6, 0x10A6, 0x1085, 0x1085, 0x1085, 0x1085, 0x1085, 0x18E9, 0x18E9, 0x18E9, 0x18E9,
 0x18E9, 0x18C8, 0x18C8, 0x18C8, 0x18C8, 0x18C8, 0x18E9, 0x18E9, 0x18E9, 0x18E9, 0x18E9, 0x18C8, 0x10A6, 0x10A6, 0x10A6, 0x10A7,
 0x10A6, 0x1085, 0x1085, 0x1085, 0x1084, 0x10A7, 0x212C, 0x212C, 0x212C, 0x212C, 0x210B, 0x1085, 0x1085, 0x1085, 0x1085, 0x1085,
 0x18C7, 0x18C8, 0x18C8, 0x18C8, 0x18C8, 0x10A7, 0x10A6, 0x10A6, 0x10A6, 0x10A6, 0x10A6, 0x10A6, 0x10A6, 0x10A6, 0x10A6, 0x10A6,
 0x10A6, 0x10A6, 0x10A6, 0x10A6, 0x10A6, 0x10A6, 0x10A6, 0x10A6, 0x10A6, 0x10A7, 0x18C8, 0x18C8, 0x18C8, 0x0867, 0x39C9, 0xE671,
 0x2948, 0x2948, 0x2948, 0x2969, 0x318A, 0x318A, 0x318A, 0x2969, 0x318A, 0x31AB, 0x31AB, 0x31AB, 0x31AA, 0x39CB, 0x420D, 0x420D,
 0x420D, 0x422E, 0x39ED, 0x18E8, 0x18C8, 0x18C8, 0x18C8, 0x18C8, 0x18C8, 0x18C8, 0x18C8, 0x18C8, 0x18C8, 0x10A6, 0x1085, 0x1085,
 0x1085, 0x1085, 0x18C8, 0x210A, 0x18E9, 0x18E9, 0x18EA, 0x10A7, 0x1084, 0x1085, 0x1085, 0x1085, 0x1085, 0x10A7, 0x10A6, 0x10A6,
 0x10A6, 0x10A6, 0x10A6, 0x10A6, 0x10A6, 0x10A6, 0x10A6, 0x1085, 0x1085, 0x1085, 0x1085, 0x1085, 0x18E8, 0x18E9, 0x18E9, 0x18E9,
 0x18E9, 0x18C8, 0x18C8, 0x18C8, 0x18C8, 0x18C8, 0x18E9, 0x18E9, 0x18E9, 0x18E9, 0x18EA, 0x18C8, 0x10A6, 0x10A6, 0x10A6, 0x10A6,
 0x10A6, 0x1085, 0x1085, 0x1085, 0x1084, 0x10A7, 0x294C, 0x294C, 0x212C, 0x294D, 0x212B, 0x1085, 0x1085, 0x1085, 0x1085, 0x1085,
 0x18C7, 0x18C8, 0x18C8, 0x18C8, 0x18C8, 0x10A7, 0x10A6, 0x10A6, 0x10A6, 0x10A6, 0x10A6, 0x10A6, 0x10A6, 0x10A6, 0x10A6, 0x10A6,
 0x10A7, 0x10A6, 0x10A6, 0x10A7, 0x10A6, 0x10A6, 0x10A6, 0x10A6, 0x10A6, 0x10A7, 0x1087, 0x0887, 0x1087, 0x0027, 0x3189, 0xE671,
 0x2948, 0x2948, 0x2948, 0x2969, 0x2969, 0x2969, 0x2969, 0x2969, 0x318A, 0x31AB, 0x31AB, 0x31AB, 0x318A, 0x39CB, 0x420D, 0x420D,
 0x420D, 0x420D, 0x39CC, 0x18C8, 0x18C8, 0x18C8, 0x18C8, 0x18C8, 0x18C8, 0x18C8, 0x18C8, 0x18C8, 0x18C8, 0x10A6, 0x1085, 0x1085,
 0x1085, 0x1085, 0x18C8, 0x18E9, 0x18E9, 0x18E9, 0x18E9, 0x18C7, 0x1085, 0x1085, 0x1085, 0x1085, 0x10A6, 0x10A6, 0x10A6, 0x10A6,
 0x10A6, 0x10A6, 0x10A7, 0x10A7, 0x10A7, 0x10A7, 0x10A6, 0x1085, 0x1085, 0x1085, 0x1085, 0x1085, 0x18E9, 0x210A, 0x18E9, 0x18E9,
 0x18E9, 0x18C8, 0x18C8, 0x18C8, 0x18C8, 0x18C8, 0x18E9, 0x18E9, 0x18E9, 0x18E9, 0x18E9, 0x18C8, 0x10A6, 0x10A6, 0x10A6, 0x10A7,
 0x10A6, 0x1085, 0x1085, 0x1085, 0x1084, 0x10A7, 0x212C, 0x212C, 0x212C, 0x212C, 0x210B, 0x1085, 0x1085, 0x1085, 0x1085, 0x1085,
 0x18C8, 0x18E8, 0x18C8, 0x18C8, 0x18C8, 0x10A7, 0x10A6, 0x10A6, 0x10A6, 0x10A6, 0x10A6, 0x10A6, 0x10A6, 0x10A6, 0x10A6, 0x10A6,
 0x10A6, 0x10A6, 0x10A6, 0x10A6, 0x10A6, 0x10A6, 0x10A6, 0x10A6, 0x10A6, 0x18C7, 0x2108, 0x2108, 0x20E8, 0x18A8, 0x522A, 0xE671,
 0x2107, 0x2107, 0x2107, 0x2127, 0x2127, 0x2127, 0x2127, 0x2107, 0x2948, 0x318A, 0x296A, 0x296A, 0x2969, 0x318A, 0x31AB, 0x31AB,
 0x31AB, 0x39CB, 0x318A, 0x10A7, 0x10A6, 0x10A7, 0x10A6, 0x10A7, 0x18E9, 0x18E9, 0x18E9, 0x18E9, 0x18E9, 0x10A6, 0x1085, 0x1085,
 0x1085, 0x1085, 0x1085, 0x1086, 0x1085, 0x1085, 0x1085, 0x18E8, 0x212C, 0x212B, 0x212B, 0x212B, 0x18E9, 0x10A6, 0x10A6, 0x10A6,
 0x10A6, 0x18C7, 0x210A, 0x210A, 0x210A, 0x210A, 0x18E9, 0x1085, 0x1085, 0x1085, 0x1085, 0x10A6, 0x294D, 0x296F, 0x296E, 0x296E,
 0x296E, 0x18E9, 0x18C7, 0x18C8, 0x18C8, 0x18C8, 0x18C7, 0x10A7, 0x10A7, 0x10A7, 0x10A7, 0x18C7, 0x18C8, 0x18C8, 0x18C8, 0x18C8,
 0x10A7, 0x1085, 0x1085, 0x1085, 0x1085, 0x10A6, 0x18C7, 0x18C7, 0x18C7, 0x18C7, 0x18C7, 0x10A6, 0x10A6, 0x10A6, 0x10A6, 0x10A7,
 0x212C, 0x294D, 0x294D, 0x294D, 0x294D, 0x18C8, 0x10A6, 0x10A6, 0x10A6, 0x10A6, 0x10A6, 0x10A6, 0x10A6, 0x10A6, 0x10A6, 0x10A6,
 0x1085, 0x1085, 0x1085, 0x1085, 0x10A6, 0x18C8, 0x18C8, 0x18C8, 0x0867, 0x422A, 0xC5D0, 0xD5F0, 0xCDB0, 0xCDB0, 0xD5F0, 0xE671,
 0x2107, 0x2107, 0x2107, 0x2107, 0x2107, 0x2107, 0x2107, 0x2107, 0x2128, 0x3189, 0x296A, 0x2969, 0x2969, 0x318A, 0x318A, 0x31AA,
 0x31AA, 0x31AB, 0x296A, 0x10A6, 0x10A6, 0x10A6, 0x10A6, 0x10A7, 0x18E9, 0x18EA, 0x18E9, 0x18E9, 0x18E9, 0x10A6, 0x1085, 0x1085,
 0x1085, 0x1085, 0x1085, 0x1085, 0x1085, 0x1085, 0x0864, 0x18E9, 0x294D, 0x294D, 0x294C, 0x294D, 0x210A, 0x10A6, 0x10A6, 0x10A6,
 0x10A6, 0x18C8, 0x210B, 0x210B, 0x210B, 0x212B, 0x210A, 0x1085, 0x1085, 0x1085, 0x1085, 0x1086, 0x294E, 0x3190, 0x296F, 0x318F,
 0x296F, 0x18EA, 0x18C7, 0x18C8, 0x18C8, 0x18C8, 0x10A7, 0x10A6, 0x10A6, 0x10A6, 0x10A6, 0x18C7, 0x18C8, 0x18C8, 0x18C8, 0x18C8,
 0x10A7, 0x1085, 0x1085, 0x1085, 0x1085, 0x1085, 0x10A6, 0x10A6, 0x10A6, 0x10A6, 0x10A6, 0x10A7, 0x10A7, 0x10A7, 0x10A6, 0x10A7,
 0x294D, 0x296E, 0x294E, 0x296E, 0x294E, 0x18C8, 0x10A6, 0x10A6, 0x10A6, 0x10A6, 0x10A6, 0x10A6, 0x10A6, 0x10A6, 0x10A6, 0x1086,
 0x1085, 0x1085, 0x1085, 0x1085, 0x10A6, 0x18C8, 0x18C8, 0x18C8, 0x0847, 0x528B, 0xF6F2, 0xFEF2, 0xF6D2, 0xF6D2, 0xF6B2, 0xE671,
 0x2107, 0x2107, 0x2107, 0x2107, 0x2107, 0x2107, 0x2107, 0x2107, 0x2128, 0x318A, 0x296A, 0x2969, 0x2969, 0x318A, 0x31AB, 0x31AB,
 0x31AB, 0x31AB, 0x318A, 0x10A7, 0x10A6, 0x10A6, 0x10A6, 0x10A7, 0x18E9, 0x18E9, 0x18E9, 0x18E9, 0x18E9, 0x10A6, 0x1085, 0x1085,
 0x1085, 0x1085, 0x1085, 0x1085, 0x1085, 0x1085, 0x1085, 0x18C8, 0x294D, 0x212C, 0x212C, 0x294C, 0x210A, 0x10A6, 0x10A6, 0x10A6,
 0x10A6, 0x18C7, 0x210B, 0x210B, 0x210B, 0x210B, 0x210A, 0x1085, 0x1085, 0x1085, 0x1085, 0x1086, 0x294D, 0x318F, 0x296F, 0x296F,
 0x296F, 0x18E9, 0x18C7, 0x18C8, 0x18C8, 0x18C8, 0x10A7, 0x10A6, 0x10A6, 0x10A6, 0x10A6, 0x18C7, 0x18C8, 0x18C8, 0x18C8, 0x18C8,
 0x10A7, 0x1085, 0x1085, 0x1085, 0x1085, 0x1085, 0x10A6, 0x10A6, 0x10A6, 0x10A6, 0x10A6, 0x10A6, 0x10A6, 0x10A6, 0x10A6, 0x10A7,
 0x212C, 0x296E, 0x294D, 0x294E, 0x294D, 0x18C8, 0x10A6, 0x10A6, 0x10A6, 0x10A6, 0x10A6, 0x10A6, 0x10A6, 0x10A6, 0x10A6, 0x1086,
 0x1085, 0x1085, 0x1085, 0x1085, 0x10A6, 0x18E8, 0x18C8, 0x18C8, 0x0847, 0x526A, 0xEE92, 0xEE91, 0xE651, 0xE651, 0xE651, 0xE651,
 0x2107, 0x2107, 0x2107, 0x2107, 0x2107, 0x2107, 0x2107, 0x2107, 0x2128, 0x318A, 0x318A, 0x318A, 0x318A, 0x318A, 0x31AB, 0x31AB,
 0x31AB, 0x39CB, 0x318A, 0x10A6, 0x1086, 0x10A6, 0x10A6, 0x10A6, 0x18E9, 0x18E9, 0x18E9, 0x18E9, 0x18E9, 0x10A6, 0x1085, 0x1085,
 0x1085, 0x1085, 0x1085, 0x1085, 0x1085, 0x1085, 0x1085, 0x18C9, 0x294D, 0x212C, 0x212C, 0x294D, 0x210A, 0x10A6, 0x10A6, 0x10A6,
 0x10A6, 0x18C8, 0x210B, 0x210B, 0x210B, 0x210B, 0x210A, 0x1085, 0x1085, 0x1085, 0x1084, 0x1086, 0x294E, 0x318F, 0x296F, 0x296F,
 0x296F, 0x18E9, 0x18C7, 0x18C8, 0x18C8, 0x18C8, 0x10A7, 0x10A6, 0x10A6, 0x10A6, 0x10A6, 0x18C7, 0x18C8, 0x18C8, 0x18C8, 0x18C8,
 0x10A7, 0x1085, 0x1085, 0x1085, 0x1085, 0x1085, 0x10A6, 0x10A6, 0x10A6, 0x10A6, 0x10A6, 0x10A6, 0x10A6, 0x10A6, 0x10A6, 0x10A7,
 0x294D, 0x296E, 0x294E, 0x296E, 0x294E, 0x18C8, 0x10A6, 0x10A6, 0x10A6, 0x10A6, 0x10A6, 0x10A6, 0x10A6, 0x10A6, 0x10A6, 0x1086,
 0x1085, 0x1085, 0x1085, 0x1085, 0x1086, 0x10A8, 0x10A8, 0x10A8, 0x0027, 0x524A, 0xEE92, 0xEE91, 0xE651, 0xE651, 0xE651, 0xE651,
 0x2107, 0x2107, 0x2107, 0x2107, 0x2107, 0x2107, 0x2107, 0x2107, 0x2128, 0x318A, 0x318A, 0x296A, 0x318A, 0x318A, 0x31AB, 0x31AB,
 0x31AB, 0x31AB, 0x318A, 0x10A6, 0x1086, 0x10A6, 0x10A6, 0x10A6, 0x18E9, 0x18E9, 0x18E9, 0x18E9, 0x18E9, 0x10A6, 0x1085, 0x1085,
 0x1085, 0x1085, 0x1085, 0x1085, 0x1085, 0x1085, 0x1084, 0x18E9, 0x294D, 0x212C, 0x212C, 0x294D, 0x210A, 0x10A6, 0x10A6, 0x10A6,
 0x10A6, 0x18C8, 0x210B, 0x210B, 0x210B, 0x210B, 0x210A, 0x1085, 0x1085, 0x1085, 0x1084, 0x1086, 0x294E, 0x318F, 0x296F, 0x296F,
 0x296F, 0x18E9, 0x18C7, 0x18C8, 0x18C8, 0x18C8, 0x10A7, 0x10A6, 0x10A6, 0x10A6, 0x10A6, 0x18C7, 0x18C8, 0x18C8, 0x18C8, 0x18C8,
 0x10A7, 0x1085, 0x1085, 0x1085, 0x1085, 0x1085, 0x10A6, 0x10A6, 0x10A6, 0x10A6, 0x10A6, 0x10A6, 0x10A6, 0x10A6, 0x10A6, 0x10A7,
 0x294D, 0x296E, 0x294E, 0x296E, 0x294E, 0x18C8, 0x10A6, 0x10A6, 0x10A6, 0x10A6, 0x10A6, 0x10A6, 0x10A6, 0x10A6, 0x10A6, 0x10A6,
 0x1085, 0x1085, 0x1085, 0x1085, 0x1086, 0x10A8, 0x10A8, 0x10A8, 0x0847, 0x5A8A, 0xEE91, 0xEE91, 0xE651, 0xE651, 0xE651, 0xE651,
 0x2128, 0x2128, 0x2128, 0x2128, 0x2128, 0x2128, 0x2128, 0x2948, 0x2107, 0x10A4, 0x10A4, 0x10A5, 0x10A4, 0x18E5, 0x2948, 0x2948,
 0x2128, 0x2127, 0x2948, 0x39CC, 0x39ED, 0x39ED, 0x39ED, 0x39CC, 0x210A, 0x18E9, 0x18E9, 0x18E9, 0x18E9, 0x18C8, 0x18C7, 0x18C7,
 0x18C7, 0x18C7, 0x10A6, 0x1085, 0x1085, 0x1085, 0x1085, 0x10A6, 0x18C8, 0x18C8, 0x18C8, 0x18C8, 0x10A7, 0x1085, 0x1085, 0x1085,
 0x1085, 0x10A6, 0x18C7, 0x18C7, 0x18C7, 0x18C7, 0x18C7, 0x18C7, 0x18C7, 0x18C7, 0x18C7, 0x18C7, 0x210B, 0x212C, 0x212B, 0x212C,
 0x212B, 0x18E9, 0x18C7, 0x18C8, 0x18C8, 0x18C8, 0x18C8, 0x18C7, 0x18C8, 0x18C8, 0x18C7, 0x210A, 0x294C, 0x212C, 0x212C, 0x294D,
 0x210A, 0x10A6, 0x10A6, 0x10A6, 0x10A6, 0x10A7, 0x18C8, 0x18C8, 0x18C8, 0x18C7, 0x18C8, 0x18EA, 0x18EA, 0x18EA, 0x18EA, 0x18E9,
 0x18C7, 0x10A7, 0x18C7, 0x18C7, 0x10A7, 0x10A6, 0x10A6, 0x10A6, 0x10A6, 0x10A6, 0x10A6, 0x1085, 0x1085, 0x1085, 0x1085, 0x10A6,
 0x10A6, 0x10A6, 0x10A6, 0x0845, 0x526A, 0xBD70, 0xBD2F, 0xBD2F, 0xB50F, 0xCD90, 0xEE71, 0xE671, 0xE651, 0xE651, 0xE651, 0xE651,
 0x2948, 0x2948, 0x2948, 0x2948, 0x2948, 0x2948, 0x2948, 0x2949, 0x2106, 0x0862, 0x0862, 0x0863, 0x0862, 0x1084, 0x2107, 0x2107,
 0x2107, 0x18E6, 0x2128, 0x4A4F, 0x4A70, 0x4A6F, 0x4A6F, 0x4A4F, 0x212A, 0x18C9, 0x18E9, 0x18E9, 0x18E9, 0x18C8, 0x18C8, 0x18C8,
 0x18C8, 0x18C8, 0x10A6, 0x1085, 0x1085, 0x1085, 0x1085, 0x1086, 0x10A6, 0x10A6, 0x10A6, 0x10A6, 0x1086, 0x1085, 0x1085, 0x1085,
 0x1085, 0x1085, 0x10A6, 0x10A6, 0x10A6, 0x10A6, 0x10A6, 0x18C8, 0x18C8, 0x18C8, 0x18C8, 0x18C8, 0x210A, 0x210A, 0x210A, 0x210A,
 0x210A, 0x18E8, 0x18C8, 0x18C8, 0x18C8, 0x18C8, 0x18C8, 0x18C8, 0x18C8, 0x18C8, 0x18C7, 0x212B, 0x296E, 0x296E, 0x296E, 0x296E,
 0x212B, 0x10A6, 0x10A6, 0x10A7, 0x10A6, 0x10A7, 0x18C8, 0x18C8, 0x18C8, 0x18C8, 0x18E8, 0x210B, 0x210B, 0x210B, 0x212B, 0x210A,
 0x1085, 0x0864, 0x1084, 0x1084, 0x1084, 0x10A6, 0x10A7, 0x10A6, 0x10A6, 0x10A6, 0x1085, 0x1085, 0x1085, 0x1085, 0x1085, 0x10A6,
 0x10A7, 0x10A7, 0x10A6, 0x0026, 0x732B, 0xFF53, 0xFEF2, 0xF6D2, 0xF6F2, 0xF6B2, 0xE671, 0xE651, 0xE651, 0xE651, 0xE651, 0xE651,
 0x2948, 0x2948, 0x2948, 0x2948, 0x2948, 0x2948, 0x2948, 0x2949, 0x2106, 0x1083, 0x1083, 0x1083, 0x0863, 0x10A4, 0x2107, 0x2127,
 0x2107, 0x2106, 0x2128, 0x422E, 0x4A4F, 0x422E, 0x4A4F, 0x422E, 0x210A, 0x18C9, 0x18E9, 0x18E9, 0x18E9, 0x18C8, 0x18C8, 0x18C8,
 0x18C8, 0x18C8, 0x10A6, 0x1085, 0x1085, 0x1085, 0x1085, 0x10A6, 0x10A7, 0x10A6, 0x10A6, 0x10A7, 0x10A6, 0x1085, 0x1085, 0x1085,
 0x1085, 0x1085, 0x10A6, 0x10A6, 0x10A6, 0x10A6, 0x10A7, 0x18C8, 0x18C8, 0x18C8, 0x18C8, 0x18C8, 0x210A, 0x210B, 0x210B, 0x210B,
 0x210B, 0x18E8, 0x18C8, 0x18C8, 0x18C8, 0x18C8, 0x18C8, 0x18C8, 0x18C8, 0x18C8, 0x18C7, 0x210B, 0x296E, 0x294D, 0x294D, 0x296E,
 0x210B, 0x10A6, 0x10A6, 0x10A6, 0x10A6, 0x10A7, 0x18C8, 0x18C8, 0x18C8, 0x18C8, 0x18E8, 0x210A, 0x210B, 0x210B, 0x210B, 0x210A,
 0x10A6, 0x1085, 0x1085, 0x1085, 0x1085, 0x10A6, 0x10A7, 0x10A6, 0x10A6, 0x10A6, 0x1086, 0x1085, 0x1085, 0x1085, 0x1085, 0x10A6,
 0x10A7, 0x10A6, 0x10A6, 0x0025, 0x6B0B, 0xF6B2, 0xE671, 0xE651, 0xE651, 0xE651, 0xE651, 0xE651, 0xE651, 0xE651, 0xE651, 0xE651,
 0x2948, 0x2948, 0x2948, 0x2948, 0x2948, 0x2948, 0x2948, 0x2949, 0x2106, 0x0863, 0x0863, 0x1083, 0x0863, 0x10A4, 0x2107, 0x2107,
 0x2107, 0x18E6, 0x2128, 0x422E, 0x4A4F, 0x422E, 0x4A4F, 0x422E, 0x210A, 0x10C9, 0x18C9, 0x18C9, 0x18C9, 0x18C8, 0x18C8, 0x18C8,
 0x18C8, 0x18C8, 0x10A6, 0x1085, 0x1085, 0x1085, 0x1085, 0x10A6, 0x10A7, 0x10A6, 0x10A6, 0x10A7, 0x10A6, 0x1085, 0x1085, 0x1085,
 0x1085, 0x1085, 0x10A6, 0x10A6, 0x10A6, 0x10A6, 0x10A7, 0x18C7, 0x18C7, 0x18C7, 0x18C7, 0x18C8, 0x210A, 0x210A, 0x210A, 0x210A,
 0x210A, 0x18E8, 0x18C7, 0x18C8, 0x18C8, 0x18C8, 0x18C7, 0x18C7, 0x18C7, 0x18C7, 0x18A7, 0x210A, 0x296E, 0x294D, 0x294D, 0x296E,
 0x210B, 0x10A6, 0x10A6, 0x10A6, 0x10A6, 0x10A7, 0x18C8, 0x18C8, 0x18C8, 0x18C8, 0x18E8, 0x210A, 0x210B, 0x210B, 0x210B, 0x210A,
 0x10A6, 0x1085, 0x1085, 0x1085, 0x1085, 0x10A6, 0x10A7, 0x10A6, 0x10A6, 0x10A6, 0x1086, 0x1085, 0x1085, 0x1085, 0x1085, 0x1086,
 0x1086, 0x1086, 0x1086, 0x0025, 0x6AEB, 0xF6D2, 0xEE71, 0xE651, 0xE651, 0xE651, 0xE651, 0xE651, 0xE651, 0xE651, 0xE651, 0xE651,
 0x2948, 0x2948, 0x2948, 0x2948, 0x2128, 0x2128, 0x2128, 0x2948, 0x18E6, 0x0842, 0x0842, 0x0862, 0x0842, 0x1083, 0x2106, 0x2106,
 0x2106, 0x18E6, 0x2127, 0x422E, 0x4A4F, 0x422E, 0x4A4E, 0x420E, 0x10C9, 0x0868, 0x0889, 0x0889, 0x0889, 0x10A8, 0x18C7, 0x18C7,
 0x18C7, 0x18C8, 0x10A6, 0x1085, 0x1085, 0x1085, 0x1085, 0x1086, 0x10A6, 0x10A6, 0x10A6, 0x10A6, 0x1086, 0x1085, 0x1085, 0x1085,
 0x1085, 0x1085, 0x10A6, 0x10A6, 0x10A6, 0x10A6, 0x10A6, 0x18A6, 0x18C6, 0x18C6, 0x18C6, 0x18C6, 0x20E9, 0x20E9, 0x20E9, 0x20E9,
 0x20E9, 0x18C7, 0x18C7, 0x18C7, 0x18C7, 0x18C7, 0x10A6, 0x1086, 0x1086, 0x1086, 0x1085, 0x20EA, 0x296E, 0x296E, 0x296E, 0x296F,
 0x210B, 0x1085, 0x10A6, 0x10A6, 0x10A6, 0x10A6, 0x18C7, 0x18C7, 0x18C7, 0x18C7, 0x18C8, 0x210A, 0x210B, 0x210B, 0x210B, 0x210A,
 0x10A6, 0x1084, 0x1085, 0x1085, 0x1085, 0x10A6, 0x10A6, 0x10A6, 0x10A6, 0x10A6, 0x1085, 0x1085, 0x1085, 0x1085, 0x1085, 0x0865,
 0x0846, 0x0846, 0x0846, 0x0005, 0x6B0A, 0xF6D2, 0xEE71, 0xE651, 0xE651, 0xE651, 0xE651, 0xE651, 0xE651, 0xE651, 0xE651, 0xE651,
 0x2127, 0x2127, 0x2107, 0x2969, 0x39CC, 0x39CC, 0x39CC, 0x39CC, 0x39CB, 0x39CB, 0x39CB, 0x39CB, 0x39CB, 0x39CC, 0x39CC, 0x39CC,
 0x39CC, 0x39CB, 0x39EC, 0x4A70, 0x5290, 0x4A70, 0x4A50, 0x5290, 0x8C2F, 0xA48E, 0xA46E, 0xA48F, 0x9C6E, 0x39EC, 0x18CB, 0x212B,
 0x212B, 0x212B, 0x18E9, 0x18C7, 0x18C8, 0x18C8, 0x18C8, 0x18C8, 0x18E8, 0x18E8, 0x18E8, 0x18E8, 0x18C8, 0x10A7, 0x18C7, 0x18C7,
 0x10A7, 0x18C7, 0x18E9, 0x18E9, 0x18E9, 0x18E8, 0x18EB, 0x0954, 0x0955, 0x0955, 0x0955, 0x0955, 0x19F6, 0x2217, 0x19F7, 0x1A17,
 0x21F6, 0x1151, 0x08EF, 0x0910, 0x0910, 0x08EF, 0x3A73, 0x5356, 0x4B35, 0x4B36, 0x5355, 0x31ED, 0x10A7, 0x18C8, 0x18C8, 0x18C8,
 0x18E9, 0x212B, 0x210B, 0x210B, 0x210B, 0x210B, 0x212B, 0x212B, 0x212B, 0x212B, 0x212B, 0x210B, 0x210B, 0x210B, 0x210B, 0x210A,
 0x18C7, 0x10A7, 0x18C7, 0x18C7, 0x10A7, 0x18C7, 0x18C7, 0x18C7, 0x18C7, 0x18C7, 0x18C8, 0x18C8, 0x18C8, 0x18C8, 0x1087, 0x5AAB,
 0xA4AE, 0xA46D, 0x9C6D, 0x9C4D, 0xC54F, 0xEE92, 0xE671, 0xE651, 0xE651, 0xE651, 0xE651, 0xE651, 0xE651, 0xE651, 0xE651, 0xE651,
 0x2107, 0x2107, 0x2106, 0x318A, 0x422E, 0x420E, 0x420E, 0x420D, 0x4A4F, 0x52B1, 0x5291, 0x5291, 0x5291, 0x5290, 0x4A4F, 0x4A4F,
 0x4A4F, 0x4A4F, 0x4A6F, 0x52B1, 0x52B1, 0x52B1, 0x4A71, 0x5AF1, 0xDE52, 0xFF32, 0xFED2, 0xFF12, 0xF6F2, 0x5AAF, 0x18ED, 0x296E,
 0x296E, 0x296E, 0x212B, 0x18E9, 0x18EA, 0x18EA, 0x18EA, 0x18EA, 0x18E9, 0x18E9, 0x18E9, 0x18EA, 0x18E9, 0x18C8, 0x18C8, 0x18C8,
 0x18C8, 0x18E9, 0x210B, 0x210B, 0x210B, 0x210A, 0x192E, 0x019D, 0x01BF, 0x019E, 0x019E, 0x01BE, 0x1A9F, 0x1ABF, 0x1A9F, 0x1ABF,
 0x1A9F, 0x0997, 0x0115, 0x0135, 0x0115, 0x0115, 0x4B7C, 0x7D1F, 0x74BF, 0x74DF, 0x7D1F, 0x3A90, 0x0022, 0x0864, 0x1084, 0x0863,
 0x18C8, 0x296F, 0x296E, 0x296E, 0x296E, 0x296E, 0x296E, 0x296E, 0x296E, 0x296E, 0x294D, 0x210B, 0x210A, 0x210B, 0x210B, 0x210A,
 0x18E8, 0x18C8, 0x18C8, 0x18C8, 0x18C8, 0x18C8, 0x18C8, 0x18C8, 0x18C8, 0x18C8, 0x18E9, 0x210A, 0x18EA, 0x18E9, 0x0889, 0x8C2E,
 0xFF73, 0xFEF2, 0xFEF2, 0xFEF2, 0xF6B2, 0xE651, 0xE651, 0xE651, 0xE651, 0xE651, 0xE651, 0xE651, 0xE651, 0xE651, 0xE651, 0xE651,
 0x2107, 0x2107, 0x2106, 0x318A, 0x420E, 0x420D, 0x420D, 0x420D, 0x422E, 0x4A70, 0x4A70, 0x4A70, 0x4A70, 0x4A4F, 0x422E, 0x422E,
 0x422E, 0x422E, 0x4A4F, 0x5291, 0x52B1, 0x5291, 0x4A71, 0x5AD1, 0xD5D1, 0xF6B1, 0xE651, 0xEE91, 0xE671, 0x528E, 0x18ED, 0x294D,
 0x294D, 0x294D, 0x210B, 0x18E9, 0x18E9, 0x18E9, 0x18E9, 0x18E9, 0x18E9, 0x18E9, 0x18E9, 0x18E9, 0x18E9, 0x18C8, 0x18C8, 0x18C8,
 0x18C8, 0x18E8, 0x210B, 0x210B, 0x210B, 0x2109, 0x192D, 0x019B, 0x019D, 0x019C, 0x019C, 0x019C, 0x1A5F, 0x229F, 0x1A7F, 0x1A9F,
 0x1A7F, 0x0976, 0x0113, 0x0134, 0x0114, 0x0114, 0x4B3B, 0x74BF, 0x6C5F, 0x6C7F, 0x74BF, 0x3A70, 0x0823, 0x1085, 0x1085, 0x1084,
 0x18E8, 0x296E, 0x294D, 0x294D, 0x294D, 0x294D, 0x294D, 0x294D, 0x294D, 0x294E, 0x294D, 0x210B, 0x210A, 0x210B, 0x210B, 0x210A,
 0x18C8, 0x18C8, 0x18C8, 0x18C8, 0x18C8, 0x18C8, 0x18C8, 0x18C8, 0x18C8, 0x18C8, 0x18E9, 0x18E9, 0x18E9, 0x18E9, 0x0889, 0x8BCD,
 0xF6D2, 0xE671, 0xE651, 0xE651, 0xE651, 0xE651, 0xE651, 0xE651, 0xE651, 0xE651, 0xE651, 0xE651, 0xE651, 0xE651, 0xE651, 0xE651,
 0x2107, 0x2107, 0x2106, 0x318A, 0x420E, 0x420D, 0x420D, 0x420D, 0x422E, 0x4A70, 0x4A70, 0x4A70, 0x4A70, 0x4A4F, 0x422E, 0x422E,
 0x422E, 0x422E, 0x4A4F, 0x5291, 0x5291, 0x5291, 0x4A71, 0x5AD1, 0xD5D1, 0xF6B1, 0xE651, 0xEE91, 0xE671, 0x528E, 0x18CD, 0x294D,
 0x294D, 0x294D, 0x210B, 0x18E9, 0x18E9, 0x18E9, 0x18E9, 0x18E9, 0x18E9, 0x18E9, 0x18E9, 0x18E9, 0x18E9, 0x18C8, 0x18C8, 0x18C8,
 0x18C7, 0x18E8, 0x210A, 0x210B, 0x210A, 0x2109, 0x192D, 0x019B, 0x019D, 0x019C, 0x019C, 0x019C, 0x1A5F, 0x229F, 0x1A7F, 0x1A9F,
 0x1A7F, 0x0976, 0x0113, 0x0134, 0x0114, 0x0114, 0x4B3B, 0x74BF, 0x6C7F, 0x6C7F, 0x74BF, 0x3A70, 0x0823, 0x1085, 0x1085, 0x1064,
 0x18C8, 0x296E, 0x294D, 0x294D, 0x294D, 0x294D, 0x294D, 0x294D, 0x294D, 0x294E, 0x294D, 0x210B, 0x210A, 0x210B, 0x210B, 0x210A,
 0x18C8, 0x18C8, 0x18C8, 0x18C8, 0x18C8, 0x18C8, 0x18C8, 0x18C8, 0x18C8, 0x18C8, 0x18C9, 0x18E9, 0x18E9, 0x18C9, 0x0869, 0x83CD,
 0xF6D2, 0xE671, 0xE651, 0xE651, 0xE651, 0xE651, 0xE651, 0xE651, 0xE651, 0xE651, 0xE651, 0xE651, 0xE651, 0xE651, 0xE651, 0xE651,
 0x2127, 0x2127, 0x2107, 0x31AA, 0x422E, 0x422E, 0x422E, 0x420E, 0x420E, 0x3A10, 0x3A10, 0x3A10, 0x3A10, 0x39EF, 0x31CE, 0x31CE,
 0x31CE, 0x31CE, 0x39EF, 0x4231, 0x4251, 0x4231, 0x3A11, 0x4A71, 0xCDD1, 0xF6B1, 0xE651, 0xEE91, 0xE671, 0x4A2E, 0x084D, 0x10CD,
 0x10CD, 0x18CD, 0x18EB, 0x18E9, 0x18E9, 0x18E9, 0x18E9, 0x18E9, 0x18C8, 0x18C8, 0x18C8, 0x18C8, 0x18C8, 0x18C6, 0x18C6, 0x18C6,
 0x18C6, 0x18C7, 0x2109, 0x2109, 0x2109, 0x20E7, 0x210C, 0x019B, 0x019D, 0x019C, 0x019C, 0x019C, 0x1A5F, 0x1A7F, 0x1A7F, 0x1A7F,
 0x1A7E, 0x0976, 0x0113, 0x0134, 0x0114, 0x00F3, 0x537B, 0x7CFF, 0x74BF, 0x74BF, 0x7CFF, 0x3A6F, 0x0000, 0x0822, 0x0842, 0x0822,
 0x18A6, 0x314C, 0x294C, 0x294C, 0x294C, 0x294C, 0x294E, 0x294E, 0x294E, 0x294E, 0x294D, 0x210A, 0x210A, 0x210A, 0x210A, 0x210A,
 0x18E8, 0x18C8, 0x18C8, 0x18C8, 0x18C8, 0x0867, 0x0027, 0x0047, 0x0047, 0x0047, 0x0848, 0x0869, 0x0868, 0x0848, 0x0028, 0x83AD,
 0xF6D2, 0xE671, 0xE651, 0xE651, 0xE651, 0xE651, 0xE651, 0xE651, 0xE651, 0xE651, 0xE651, 0xE651, 0xE651, 0xE651, 0xE651, 0xE651,
 0x18C5, 0x18C5, 0x10A5, 0x2127, 0x318A, 0x318A, 0x318A, 0x2949, 0x528C, 0x9C91, 0x9C91, 0x9C70, 0x9C70, 0x9C70, 0x9C70, 0x9C50,
 0x9C50, 0x9C50, 0x9C70, 0x9C91, 0x9C91, 0x9C91, 0x9C71, 0xA4B1, 0xDE11, 0xEE71, 0xE651, 0xEE71, 0xE671, 0xA490, 0x83AF, 0x8BEF,
 0x8C0F, 0x8C10, 0x3A0B, 0x1088, 0x18C8, 0x18C8, 0x18C8, 0x212B, 0x296F, 0x296E, 0x296E, 0x296E, 0x214F, 0x090F, 0x090F, 0x090F,
 0x090F, 0x0930, 0x1174, 0x1174, 0x1174, 0x1173, 0x1175, 0x017A, 0x017B, 0x017B, 0x017B, 0x019B, 0x2ABE, 0x32FF, 0x2AFF, 0x2AFF,
 0x2AFF, 0x09B8, 0x0135, 0x0156, 0x0136, 0x0136, 0x2A5A, 0x3B1E, 0x3AFD, 0x3AFD, 0x3AFD, 0x32B6, 0x2A50, 0x2A51, 0x2A51, 0x3251,
 0x29F2, 0x1955, 0x1175, 0x1175, 0x1175, 0x1972, 0x212C, 0x212C, 0x212C, 0x212C, 0x212C, 0x294D, 0x294D, 0x294D, 0x294D, 0x212C,
 0x18C7, 0x10A6, 0x10A6, 0x1086, 0x18C6, 0x630B, 0x83ED, 0x83AD, 0x83AD, 0x83AD, 0x83AD, 0x83CD, 0x83CD, 0x83AD, 0x83AD, 0xBD4F,
 0xEE92, 0xE651, 0xE651, 0xE651, 0xE651, 0xE651, 0xE651, 0xE651, 0xE651, 0xE651, 0xE651, 0xE651, 0xE651, 0xE651, 0xE651, 0xE651,
 0x0863, 0x0863, 0x0863, 0x10A4, 0x2107, 0x2106, 0x18E6, 0x0885, 0x6B0A, 0xFF12, 0xFED2, 0xF6D1, 0xF6B1, 0xF6D1, 0xF6D1, 0xF6D1,
 0xF6D1, 0xF6D1, 0xF6D1, 0xF6B1, 0xF6B1, 0xF6B1, 0xF6D1, 0xF6B1, 0xEE71, 0xE651, 0xE651, 0xE651, 0xE671, 0xF6B1, 0xFEF2, 0xFED2,
 0xFF12, 0xFF32, 0x630B, 0x0047, 0x18C8, 0x18C8, 0x10A7, 0x294E, 0x4215, 0x39F4, 0x39F4, 0x41F3, 0x29B5, 0x0158, 0x0158, 0x0158,
 0x0157, 0x0179, 0x01DF, 0x01DF, 0x01DF, 0x01DF, 0x01BF, 0x017A, 0x0179, 0x017A, 0x0159, 0x099A, 0x3B1E, 0x437F, 0x3B5F, 0x437F,
 0x435F, 0x11DA, 0x0138, 0x0158, 0x0158, 0x0158, 0x015A, 0x013C, 0x013B, 0x013B, 0x011B, 0x2ADE, 0x5C7F, 0x543F, 0x543F, 0x545F,
 0x333F, 0x017D, 0x019D, 0x019D, 0x019F, 0x0978, 0x210A, 0x210A, 0x210A, 0x210A, 0x212B, 0x296F, 0x318F, 0x296F, 0x3190, 0x296E,
 0x10A6, 0x0864, 0x1085, 0x0844, 0x18A5, 0xBD8F, 0xFF73, 0xFEF2, 0xFEF2, 0xFEF2, 0xFEF2, 0xFEF2, 0xFEF2, 0xFEF2, 0xFEF2, 0xEE92,
 0xE651, 0xE651, 0xE651, 0xE651, 0xE651, 0xE651, 0xE651, 0xE651, 0xE651, 0xE651, 0xE651, 0xE651, 0xE651, 0xE651, 0xE651, 0xE651,
 0x1083, 0x1083, 0x0863, 0x18C5, 0x2127, 0x2107, 0x2107, 0x10A6, 0x6B0B, 0xF6B2, 0xEE71, 0xE671, 0xE671, 0xE671, 0xE671, 0xE671,
 0xE671, 0xE671, 0xE671, 0xE671, 0xE671, 0xE671, 0xE671, 0xE671, 0xE651, 0xE651, 0xE651, 0xE651, 0xE651, 0xE671, 0xE671, 0xE671,
 0xEE91, 0xF6B2, 0x62CB, 0x0047, 0x18C8, 0x18C8, 0x18C7, 0x294D, 0x39F4, 0x39D3, 0x39D3, 0x39F3, 0x2194, 0x0136, 0x0156, 0x0156,
 0x0135, 0x0178, 0x01BF, 0x01BF, 0x01BF, 0x01BF, 0x01BE, 0x017A, 0x017A, 0x017A, 0x015A, 0x099A, 0x32FE, 0x435F, 0x3B3F, 0x3B5F,
 0x3B3F, 0x11D9, 0x0137, 0x0158, 0x0158, 0x0158, 0x017A, 0x019C, 0x019C, 0x019C, 0x015B, 0x2ABE, 0x541F, 0x4BDF, 0x4BDF, 0x541F,
 0x32FE, 0x017B, 0x019C, 0x019C, 0x019D, 0x0977, 0x210A, 0x210A, 0x210B, 0x210A, 0x212B, 0x296F, 0x296F, 0x296F, 0x296F, 0x294E,
 0x10A6, 0x1084, 0x1085, 0x0865, 0x18A5, 0xBD2F, 0xFED2, 0xE651, 0xE671, 0xE671, 0xE671, 0xE671, 0xE671, 0xE671, 0xE671, 0xE651,
 0xE651, 0xE651, 0xE651, 0xE651, 0xE651, 0xE651, 0xE651, 0xE651, 0xE651, 0xE651, 0xE651, 0xE651, 0xE651, 0xE651, 0xE651, 0xE651,
 0x1083, 0x1083, 0x0863, 0x18C5, 0x2127, 0x2107, 0x2107, 0x10A6, 0x6B0B, 0xF6B2, 0xEE71, 0xE651, 0xE651, 0xE651, 0xE651, 0xE651,
 0xE651, 0xE651, 0xE651, 0xE651, 0xE651, 0xE651, 0xE651, 0xE651, 0xE651, 0xE651, 0xE651, 0xE651, 0xE651, 0xE651, 0xE651, 0xE651,
 0xEE71, 0xEEB2, 0x62CB, 0x0047, 0x18C8, 0x18C8, 0x18C7, 0x294D, 0x39F4, 0x39D3, 0x39D3, 0x39F3, 0x2194, 0x0136, 0x0156, 0x0156,
 0x0135, 0x0178, 0x01BF, 0x01BF, 0x01BF, 0x01BF, 0x01BE, 0x017A, 0x017A, 0x017A, 0x015A, 0x099A, 0x32FE, 0x435F, 0x3B3F, 0x3B5F,
 0x3B3F, 0x11D9, 0x0137, 0x0158, 0x0158, 0x0158, 0x017A, 0x019C, 0x019C, 0x019C, 0x017B, 0x2ABD, 0x541F, 0x4BDF, 0x4BDF, 0x541F,
 0x32FE, 0x017B, 0x019C, 0x019C, 0x019D, 0x0977, 0x210A, 0x210A, 0x210B, 0x210A, 0x212B, 0x296F, 0x296F, 0x296F, 0x296F, 0x294E,
 0x10A6, 0x1084, 0x1085, 0x0865, 0x18A5, 0xBD2F, 0xF6D2, 0xE651, 0xE651, 0xE651, 0xE651, 0xE651, 0xE651, 0xE651, 0xE651, 0xE651,
 0xE651, 0xE651, 0xE651, 0xE651, 0xE651, 0xE651, 0xE651, 0xE651, 0xE651, 0xE651, 0xE651, 0xE651, 0xE651, 0xE651, 0xE651, 0xE651,
 0x0002, 0x0002, 0x0002, 0x0844, 0x10A6, 0x0886, 0x0886, 0x0025, 0x62CA, 0xF6B2, 0xEE71, 0xE651, 0xE651, 0xE651, 0xE651, 0xE651,
 0xE651, 0xE651, 0xE651, 0xE651, 0xE651, 0xE651, 0xE651, 0xE651, 0xE651, 0xE651, 0xE651, 0xE651, 0xE651, 0xE651, 0xE651, 0xE651,
 0xEE71, 0xF6B2, 0x5AAB, 0x0006, 0x0027, 0x0027, 0x0026, 0x210D, 0x39F4, 0x39D3, 0x39D3, 0x41F3, 0x2194, 0x0137, 0x0137, 0x0137,
 0x0136, 0x0179, 0x01DF, 0x01DF, 0x01DF, 0x01DF, 0x01BF, 0x017A, 0x017A, 0x017A, 0x015A, 0x099A, 0x3B3E, 0x439F, 0x437F, 0x437F,
 0x437F, 0x11B9, 0x0117, 0x0137, 0x0137, 0x0137, 0x017A, 0x019C, 0x017B, 0x017B, 0x015B, 0x2ADE, 0x545F, 0x4C3F, 0x4C1F, 0x545F,
 0x331F, 0x017D, 0x019D, 0x019D, 0x019E, 0x0978, 0x210B, 0x210A, 0x210B, 0x210B, 0x212C, 0x212F, 0x212F, 0x212F, 0x294F, 0x210E,
 0x0025, 0x0003, 0x0004, 0x0003, 0x0864, 0xB50E, 0xFED2, 0xE651, 0xE651, 0xE651, 0xE651, 0xE651, 0xE651, 0xE651, 0xE651, 0xE651,
 0xE651, 0xE651, 0xE651, 0xE651, 0xE651, 0xE651, 0xE651, 0xE651, 0xE651, 0xE651, 0xE651, 0xE651, 0xE651, 0xE651, 0xE651, 0xE651,
 0x6AE9, 0x6AE9, 0x6AE8, 0x6B0A, 0x6B2B, 0x6B2B, 0x6B2B, 0x6AEA, 0x9C6D, 0xEE92, 0xE671, 0xE651, 0xE651, 0xE651, 0xE651, 0xE651,
 0xE651, 0xE651, 0xE651, 0xE651, 0xE651, 0xE651, 0xE651, 0xE651, 0xE651, 0xE651, 0xE651, 0xE651, 0xE651, 0xE651, 0xE651, 0xE651,
 0xE671, 0xEE91, 0x9C6E, 0x62CB, 0x6AEB, 0x6AEB, 0x6B0B, 0x4A4F, 0x3192, 0x31B2, 0x31B2, 0x39D2, 0x2992, 0x1954, 0x1154, 0x1154,
 0x1154, 0x1174, 0x1175, 0x1176, 0x1176, 0x1175, 0x0976, 0x0158, 0x0158, 0x0158, 0x0158, 0x0179, 0x227E, 0x2ABF, 0x2A9F, 0x2A9F,
 0x2A9E, 0x1A1B, 0x11FA, 0x11FA, 0x11FA, 0x11FA, 0x09DC, 0x01BD, 0x01DD, 0x01BD, 0x01BD, 0x2259, 0x42F6, 0x3AD6, 0x3AD6, 0x42F6,
 0x3256, 0x1177, 0x1177, 0x1177, 0x1198, 0x1953, 0x18E9, 0x18E8, 0x18E9, 0x18C9, 0x212A, 0x4A2E, 0x4A4E, 0x4A4E, 0x4A4E, 0x4A4D,
 0x62EA, 0x6B0A, 0x6AEA, 0x62C9, 0x732A, 0xCDB0, 0xEEB2, 0xE651, 0xE651, 0xE651, 0xE651, 0xE651, 0xE651, 0xE651, 0xE651, 0xE651,
 0xE651, 0xE651, 0xE651, 0xE651, 0xE651, 0xE651, 0xE651, 0xE651, 0xE651, 0xE651, 0xE651, 0xE651, 0xE651, 0xE651, 0xE651, 0xE651,
 0xF6D2, 0xF6D2, 0xF6D2, 0xF6D2, 0xF6D2, 0xF6D2, 0xF6D2, 0xF6D2, 0xEEB2, 0xE651, 0xE651, 0xE651, 0xE651, 0xE651, 0xE651, 0xE651,
 0xE651, 0xE651, 0xE651, 0xE651, 0xE651, 0xE651, 0xE651, 0xE651, 0xE651, 0xE651, 0xE651, 0xE651, 0xE651, 0xE651, 0xE651, 0xE651,
 0xE651, 0xE651, 0xF6B2, 0xF6D2, 0xF6D2, 0xFEF2, 0xFF32, 0x8C31, 0x2110, 0x2990, 0x3190, 0x3190, 0x3190, 0x3190, 0x3190, 0x3190,
 0x39B0, 0x316E, 0x2109, 0x2109, 0x2109, 0x2108, 0x210B, 0x0135, 0x0136, 0x0136, 0x0135, 0x0156, 0x017C, 0x019E, 0x017D, 0x017D,
 0x019E, 0x229F, 0x331F, 0x331F, 0x331F, 0x331F, 0x1A7F, 0x0A1F, 0x123F, 0x123F, 0x0A3F, 0x1993, 0x20C9, 0x20EA, 0x20EA, 0x20EA,
 0x292B, 0x316E, 0x316E, 0x316E, 0x316E, 0x292C, 0x10A6, 0x10A6, 0x10A6, 0x0866, 0x2127, 0x7BAC, 0x83ED, 0x7BCC, 0x7BAC, 0x840D,
 0xE671, 0xFF13, 0xF6D2, 0xF6D2, 0xF6D2, 0xEE72, 0xE651, 0xE651, 0xE651, 0xE651, 0xE651, 0xE651, 0xE651, 0xE651, 0xE651, 0xE651,
 0xE651, 0xE651, 0xE651, 0xE651, 0xE651, 0xE651, 0xE651, 0xE651, 0xE651, 0xE651, 0xE651, 0xE651, 0xE651, 0xE651, 0xE651, 0xE651,
 0xEE71, 0xEE71, 0xEE71, 0xEE71, 0xEE71, 0xEE71, 0xEE71, 0xEE71, 0xE671, 0xE651, 0xE651, 0xE651, 0xE651, 0xE651, 0xE651, 0xE651,
 0xE651, 0xE651, 0xE651, 0xE651, 0xE651, 0xE651, 0xE651, 0xE651, 0xE651, 0xE651, 0xE651, 0xE651, 0xE651, 0xE651, 0xE651, 0xE651,
 0xE651, 0xE651, 0xE671, 0xEE71, 0xEE71, 0xEE91, 0xF6D1, 0x8BF1, 0x2130, 0x3190, 0x3190, 0x3190, 0x3190, 0x3190, 0x3190, 0x3190,
 0x31B0, 0x296E, 0x210A, 0x210A, 0x210A, 0x2109, 0x190C, 0x0135, 0x0157, 0x0156, 0x0156, 0x0156, 0x019D, 0x01BE, 0x019E, 0x019E,
 0x019E, 0x229F, 0x32FF, 0x2AFF, 0x2AFF, 0x2AFF, 0x1A7F, 0x0A1F, 0x0A1F, 0x0A1F, 0x0A3F, 0x1994, 0x210A, 0x212C, 0x212C, 0x212B,
 0x294D, 0x316F, 0x296F, 0x296F, 0x318F, 0x294C, 0x10A6, 0x10A6, 0x10A6, 0x0866, 0x2127, 0x738C, 0x7BCD, 0x7BAC, 0x736C, 0x83CD,
 0xDE11, 0xEEB2, 0xEE71, 0xEE71, 0xEE71, 0xE671, 0xE651, 0xE651, 0xE651, 0xE651, 0xE651, 0xE651, 0xE651, 0xE651, 0xE651, 0xE651,
 0xE651, 0xE651, 0xE651, 0xE651, 0xE651, 0xE651, 0xE651, 0xE651, 0xE651, 0xE651, 0xE651, 0xE651, 0xE651, 0xE651, 0xE651, 0xE651,
 0xE651, 0xE651, 0xE651, 0xE651, 0xE651, 0xE651, 0xE651, 0xE651, 0xE651, 0xE651, 0xE651, 0xE651, 0xE651, 0xE651, 0xE651, 0xE651,
 0xE651, 0xE651, 0xE651, 0xE651, 0xE651, 0xE651, 0xE651, 0xE651, 0xE651, 0xE651, 0xE651, 0xE651, 0xE651, 0xE651, 0xE651, 0xE651,
 0xE651, 0xE651, 0xE651, 0xE651, 0xE651, 0xE671, 0xF6B1, 0x8BF1, 0x2130, 0x3190, 0x3190, 0x3190, 0x3190, 0x3190, 0x3190, 0x3190,
 0x31B1, 0x296F, 0x210A, 0x210A, 0x210B, 0x210A, 0x190C, 0x0136, 0x0157, 0x0156, 0x0156, 0x0156, 0x019D, 0x01BE, 0x01BE, 0x019E,
 0x019E, 0x229F, 0x32FF, 0x2ADF, 0x2ADF, 0x2AFF, 0x1A7F, 0x0A1F, 0x0A1F, 0x0A1F, 0x0A3F, 0x1994, 0x290A, 0x212C, 0x212C, 0x212C,
 0x294D, 0x296F, 0x296F, 0x296F, 0x318F, 0x294C, 0x10A6, 0x10A6, 0x10A6, 0x0866, 0x2127, 0x736C, 0x7BAD, 0x7B8C, 0x736C, 0x83CD,
 0xDE11, 0xEE92, 0xE651, 0xE651, 0xE651, 0xE651, 0xE651, 0xE651, 0xE651, 0xE651, 0xE651, 0xE651, 0xE651, 0xE651, 0xE651, 0xE651,
 0xE651, 0xE651, 0xE651, 0xE651, 0xE651, 0xE651, 0xE651, 0xE651, 0xE651, 0xE651, 0xE651, 0xE651, 0xE651, 0xE651, 0xE651, 0xE651,
 0xE651, 0xE651, 0xE651, 0xE651, 0xE651, 0xE651, 0xE651, 0xE651, 0xE651, 0xE651, 0xE651, 0xE651, 0xE651, 0xE651, 0xE651, 0xE651,
 0xE651, 0xE651, 0xE651, 0xE651, 0xE651, 0xE651, 0xE651, 0xE651, 0xE651, 0xE651, 0xE651, 0xE651, 0xE651, 0xE651, 0xE651, 0xE651,
 0xE651, 0xE651, 0xE651, 0xE651, 0xE651, 0xE671, 0xF6B1, 0x83D1, 0x18F0, 0x2950, 0x2970, 0x2970, 0x2970, 0x2970, 0x2970, 0x2970,
 0x2971, 0x294F, 0x212B, 0x212B, 0x212B, 0x212A, 0x192D, 0x0157, 0x0158, 0x0158, 0x0157, 0x0158, 0x019E, 0x01BF, 0x01BF, 0x019F,
 0x01BF, 0x22BF, 0x333F, 0x2B1F, 0x2B1F, 0x2B1F, 0x127F, 0x0A1F, 0x0A3F, 0x0A3F, 0x0A3F, 0x1994, 0x210A, 0x212C, 0x212C, 0x212B,
 0x212D, 0x294F, 0x212F, 0x214F, 0x2950, 0x210C, 0x0866, 0x0866, 0x0866, 0x0026, 0x18E7, 0x736C, 0x7BCD, 0x7B8C, 0x736C, 0x83CD,
 0xDE11, 0xEE92, 0xE651, 0xE651, 0xE651, 0xE651, 0xE651, 0xE651, 0xE651, 0xE651, 0xE651, 0xE651, 0xE651, 0xE651, 0xE651, 0xE651,
 0xE651, 0xE651, 0xE651, 0xE651, 0xE651, 0xE651, 0xE651, 0xE651, 0xE651, 0xE651, 0xE651, 0xE651, 0xE651, 0xE651, 0xE651, 0xE651,
 0xE651, 0xE651, 0xE651, 0xE651, 0xE651, 0xE651, 0xE651, 0xE651, 0xE651, 0xE651, 0xE651, 0xE651, 0xE651, 0xE651, 0xE651, 0xE651,
 0xE651, 0xE651, 0xE651, 0xE651, 0xE651, 0xE651, 0xE651, 0xE651, 0xE651, 0xE651, 0xE651, 0xE651, 0xE651, 0xE651, 0xE651, 0xE651,
 0xE651, 0xE651, 0xE651, 0xE651, 0xE651, 0xE671, 0xF6B1, 0x9430, 0x31AF, 0x420F, 0x420F, 0x420F, 0x420F, 0x420F, 0x420F, 0x420F,
 0x4230, 0x39CE, 0x18E9, 0x18E9, 0x18E9, 0x18E8, 0x18EA, 0x0911, 0x0112, 0x0112, 0x0111, 0x0112, 0x1199, 0x11BA, 0x119A, 0x119A,
 0x119A, 0x2239, 0x2A78, 0x2A78, 0x2A78, 0x2A78, 0x1A19, 0x11FA, 0x11FA, 0x11FA, 0x11FA, 0x2192, 0x292B, 0x294D, 0x294D, 0x212D,
 0x318D, 0x420E, 0x420E, 0x420E, 0x420F, 0x39CC, 0x2968, 0x2968, 0x2968, 0x2948, 0x39C9, 0x738C, 0x7BAD, 0x7B8C, 0x736C, 0x83CD,
 0xDE11, 0xEE92, 0xE651, 0xE651, 0xE651, 0xE651, 0xE651, 0xE651, 0xE651, 0xE651, 0xE651, 0xE651, 0xE651, 0xE651, 0xE651, 0xE651,
 0xE651, 0xE651, 0xE651, 0xE651, 0xE651, 0xE651, 0xE651, 0xE651, 0xE651, 0xE651, 0xE651, 0xE651, 0xE651, 0xE651, 0xE651, 0xE651,
 0xE651, 0xE651, 0xE651, 0xE651, 0xE651, 0xE651, 0xE651, 0xE651, 0xE651, 0xE651, 0xE651, 0xE651, 0xE651, 0xE651, 0xE651, 0xE651,
 0xE651, 0xE651, 0xE651, 0xE651, 0xE651, 0xE651, 0xE651, 0xE651, 0xE651, 0xE651, 0xE651, 0xE651, 0xE651, 0xE651, 0xE651, 0xE651,
 0xE651, 0xE651, 0xE651, 0xE651, 0xE651, 0xE671, 0xEE91, 0xAD0F, 0x736C, 0x7BAC, 0x7BAC, 0x7BAC, 0x7BAC, 0x7BAC, 0x7BAC, 0x7BAC,
 0x83ED, 0x62EA, 0x1065, 0x0865, 0x1085, 0x1085, 0x1085, 0x1084, 0x1084, 0x1084, 0x1084, 0x1085, 0x316E, 0x3990, 0x318F, 0x3190,
 0x318F, 0x210B, 0x20E9, 0x20E9, 0x20E9, 0x20E9, 0x294C, 0x316E, 0x296E, 0x296E, 0x296E, 0x296E, 0x296F, 0x296F, 0x296F, 0x294F,
 0x4A4E, 0x83CC, 0x7BAC, 0x7BAC, 0x7BAC, 0x7BAC, 0x7BAD, 0x7BAD, 0x7BAD, 0x7BAD, 0x7BAD, 0x7BAD, 0x7B8C, 0x7B8C, 0x736C, 0x83CD,
 0xDE11, 0xEE92, 0xE651, 0xE651, 0xE651, 0xE651, 0xE651, 0xE651, 0xE651, 0xE651, 0xE651, 0xE651, 0xE651, 0xE651, 0xE651, 0xE651,
 0xE651, 0xE651, 0xE651, 0xE651, 0xE651, 0xE651, 0xE651, 0xE651, 0xE651, 0xE651, 0xE651, 0xE651, 0xE651, 0xE651, 0xE651, 0xE651,
 0xE651, 0xE651, 0xE651, 0xE651, 0xE651, 0xE651, 0xE651, 0xE651, 0xE651, 0xE651, 0xE651, 0xE651, 0xE651, 0xE651, 0xE651, 0xE651,
 0xE651, 0xE651, 0xE651, 0xE651, 0xE651, 0xE651, 0xE651, 0xE651, 0xE651, 0xE651, 0xE651, 0xE651, 0xE651, 0xE651, 0xE651, 0xE651,
 0xE651, 0xE651, 0xE651, 0xE651, 0xE651, 0xE671, 0xEE91, 0xAD0F, 0x736C, 0x7BAC, 0x7BAC, 0x7BAC, 0x7BAC, 0x7BAC, 0x7BAC, 0x7BAC,
 0x83ED, 0x5ACA, 0x1065, 0x0865, 0x1085, 0x1085, 0x1085, 0x1085, 0x1085, 0x1085, 0x1084, 0x1085, 0x296E, 0x31B0, 0x3190, 0x3190,
 0x3190, 0x212B, 0x20EA, 0x210A, 0x210A, 0x210A, 0x294D, 0x316F, 0x296E, 0x296E, 0x296E, 0x296F, 0x296F, 0x296F, 0x296F, 0x294F,
 0x4A4E, 0x7BCC, 0x7BAC, 0x7BAC, 0x7BAC, 0x7BAC, 0x7BAD, 0x7BAD, 0x7BAD, 0x7BAD, 0x7BAD, 0x7B8C, 0x7B8C, 0x7B8C, 0x736C, 0x83CD,
 0xDE11, 0xEE92, 0xE651, 0xE651, 0xE651, 0xE651, 0xE651, 0xE651, 0xE651, 0xE651, 0xE651, 0xE651, 0xE651, 0xE651, 0xE651, 0xE651,
 0xE651, 0xE651, 0xE651, 0xE651, 0xE651, 0xE651, 0xE651, 0xE651, 0xE651, 0xE651, 0xE651, 0xE651, 0xE651, 0xE651, 0xE651, 0xE651,
 0xE651, 0xE651, 0xE651, 0xE651, 0xE651, 0xE651, 0xE651, 0xE651, 0xE651, 0xE651, 0xE651, 0xE651, 0xE651, 0xE651, 0xE651, 0xE651,
 0xE651, 0xE651, 0xE651, 0xE651, 0xE651, 0xE651, 0xE651, 0xE651, 0xE651, 0xE651, 0xE651, 0xE651, 0xE651, 0xE651, 0xE651, 0xE651,
 0xE651, 0xE651, 0xE651, 0xE651, 0xE651, 0xE671, 0xEE91, 0xACEF, 0x6B4C, 0x738C, 0x7B8C, 0x7B8C, 0x7B8C, 0x7B8C, 0x7B8C, 0x7B8C,
 0x83CD, 0x5ACB, 0x1065, 0x1085, 0x1085, 0x1085, 0x1085, 0x1085, 0x1085, 0x1085, 0x1085, 0x10A6, 0x296F, 0x31B1, 0x3190, 0x3190,
 0x3190, 0x212C, 0x210A, 0x210B, 0x210A, 0x210A, 0x294D, 0x296F, 0x296F, 0x296F, 0x296F, 0x296F, 0x296F, 0x296F, 0x296F, 0x294F,
 0x4A4E, 0x7BCC, 0x7BAC, 0x7B8C, 0x7B8C, 0x7B8C, 0x7B8C, 0x7B8C, 0x7B8C, 0x7B8C, 0x7B8C, 0x7B8C, 0x7B8C, 0x7B8C, 0x736C, 0x83CD,
 0xDE11, 0xEE92, 0xE651, 0xE651, 0xE651, 0xE651, 0xE651, 0xE651, 0xE651, 0xE651, 0xE651, 0xE651, 0xE651, 0xE651, 0xE651, 0xE651,
 0xE651, 0xE651, 0xE651, 0xE651, 0xE651, 0xE651, 0xE651, 0xE651, 0xE651, 0xE651, 0xE651, 0xE651, 0xE651, 0xE651, 0xE651, 0xE651,
 0xE651, 0xE651, 0xE651, 0xE651, 0xE651, 0xE651, 0xE651, 0xE651, 0xE651, 0xE651, 0xE651, 0xE651, 0xE651, 0xE651, 0xE651, 0xE651,
 0xE651, 0xE651, 0xE651, 0xE651, 0xE651, 0xE651, 0xE651, 0xE651, 0xE651, 0xE651, 0xE651, 0xE651, 0xE651, 0xE651, 0xE651, 0xE651,
 0xE651, 0xE651, 0xE651, 0xE651, 0xE651, 0xE671, 0xEE91, 0xACCF, 0x632C, 0x6B4C, 0x736C, 0x736C, 0x736C, 0x7B8C, 0x7B8C, 0x7B8C,
 0x83CD, 0x5ACA, 0x0844, 0x0024, 0x0844, 0x0844, 0x0844, 0x0844, 0x0844, 0x0844, 0x0844, 0x0865, 0x294F, 0x2971, 0x2970, 0x2971,
 0x2970, 0x190C, 0x18CA, 0x18CA, 0x18CA, 0x18CA, 0x210D, 0x294F, 0x294F, 0x294F, 0x294F, 0x294F, 0x294F, 0x294F, 0x294F, 0x210F,
 0x4A2E, 0x7BAC, 0x7BAC, 0x7B8C, 0x7B8C, 0x7B8C, 0x7B8C, 0x7B8C, 0x7B8C, 0x7B8C, 0x7B8C, 0x7B8C, 0x7B8C, 0x7B8C, 0x736C, 0x83CD,
 0xDE31, 0xF6D2, 0xEE92, 0xEE92, 0xEE92, 0xE671, 0xE651, 0xE651, 0xE651, 0xE651, 0xE651, 0xE651, 0xE651, 0xE651, 0xE651, 0xE651,
 0xE651, 0xE651, 0xE651, 0xE651, 0xE651, 0xE651, 0xE651, 0xE651, 0xE651, 0xE651, 0xE651, 0xE651, 0xE651, 0xE651, 0xE651, 0xE651,
 0xE651, 0xE651, 0xE651, 0xE651, 0xE651, 0xE651, 0xE651, 0xE651, 0xE651, 0xE651, 0xE651, 0xE651, 0xE651, 0xE651, 0xE651, 0xE651,
 0xE651, 0xE651, 0xE651, 0xE651, 0xE651, 0xE651, 0xE651, 0xE651, 0xE651, 0xE651, 0xE651, 0xE651, 0xE651, 0xE651, 0xE651, 0xE651,
 0xE651, 0xE651, 0xE651, 0xE651, 0xE651, 0xE671, 0xEE91, 0xB52F, 0x83CD, 0x83ED, 0x8C0D, 0x8C0D, 0x83CD, 0x738C, 0x738C, 0x7B8C,
 0x7BCD, 0x62EB, 0x2106, 0x18E6, 0x2106, 0x2106, 0x2106, 0x2106, 0x2106, 0x2106, 0x18E6, 0x2107, 0x39AE, 0x39F0, 0x39CF, 0x39D0,
 0x39D0, 0x318C, 0x296A, 0x296B, 0x296B, 0x296B, 0x31AD, 0x39CF, 0x39CE, 0x39CE, 0x39CE, 0x39CE, 0x39CE, 0x39CE, 0x39CE, 0x318F,
 0x526E, 0x7BAC, 0x7BAC, 0x7B8C, 0x7B8C, 0x7B8C, 0x7B8C, 0x7B8C, 0x7B8C, 0x7B8C, 0x7B8C, 0x7B8C, 0x7B8C, 0x7B8C, 0x736C, 0x7BCD,
 0xCDB0, 0xDE31, 0xD5F0, 0xD5F0, 0xD5F0, 0xE651, 0xE671, 0xE651, 0xE651, 0xE651, 0xE651, 0xE651, 0xE651, 0xE651, 0xE651, 0xE651,
 0xE651, 0xE651, 0xE651, 0xE651, 0xE651, 0xE651, 0xE651, 0xE651, 0xE651, 0xE651, 0xE651, 0xE651, 0xE651, 0xE651, 0xE651, 0xE651,
 0xE651, 0xE651, 0xE651, 0xE651, 0xE651, 0xE651, 0xE651, 0xE651, 0xE651, 0xE651, 0xE651, 0xE651, 0xE651, 0xE651, 0xE651, 0xE651,
 0xE651, 0xE651, 0xE651, 0xE651, 0xE651, 0xE651, 0xE651, 0xE651, 0xE651, 0xE651, 0xE651, 0xE651, 0xE651, 0xE651, 0xE651, 0xE651,
 0xE651, 0xE651, 0xE651, 0xE651, 0xE651, 0xE651, 0xE671, 0xE651, 0xE651, 0xE651, 0xE651, 0xEE91, 0xBD4F, 0x736C, 0x738C, 0x7B8C,
 0x7BAC, 0x7B8C, 0x738C, 0x738C, 0x738C, 0x738C, 0x738C, 0x738C, 0x738C, 0x738C, 0x738C, 0x738C, 0x738D, 0x738D, 0x738C, 0x738C,
 0x738C, 0x738C, 0x738C, 0x738C, 0x738C, 0x738C, 0x738C, 0x738C, 0x738C, 0x738C, 0x738C, 0x738C, 0x738C, 0x738C, 0x738C, 0x738C,
 0x7B8C, 0x7BAC, 0x7B8C, 0x7B8C, 0x7B8C, 0x7B8C, 0x7B8C, 0x7B8C, 0x7B8C, 0x7B8C, 0x7B8C, 0x7B8C, 0x7B8C, 0x7B8C, 0x7B8C, 0x7B8C,
 0x7BAC, 0x7BAD, 0x7BAC, 0x738C, 0x7BAD, 0xCDD0, 0xEE92, 0xE651, 0xE651, 0xE651, 0xE651, 0xE651, 0xE651, 0xE651, 0xE651, 0xE651,
 0xE651, 0xE651, 0xE651, 0xE651, 0xE651, 0xE651, 0xE651, 0xE651, 0xE651, 0xE651, 0xE651, 0xE651, 0xE651, 0xE651, 0xE651, 0xE651,
 0xE651, 0xE651, 0xE651, 0xE651, 0xE651, 0xE651, 0xE651, 0xE651, 0xE651, 0xE651, 0xE651, 0xE651, 0xE651, 0xE651, 0xE651, 0xE651,
 0xE651, 0xE651, 0xE651, 0xE651, 0xE651, 0xE651, 0xE651, 0xE651, 0xE651, 0xE651, 0xE651, 0xE651, 0xE651, 0xE651, 0xE651, 0xE651,
 0xE651, 0xE651, 0xE651, 0xE651, 0xE651, 0xE651, 0xE651, 0xE671, 0xEE71, 0xEE71, 0xEE91, 0xF6B2, 0xBD6F, 0x736C, 0x738C, 0x7B8C,
 0x7B8C, 0x7BAD, 0x7BAD, 0x7BAD, 0x7BAD, 0x7BAD, 0x7BAD, 0x7BAD, 0x7BAD, 0x7BAD, 0x7BAD, 0x7BAD, 0x7BAC, 0x7BAC, 0x7BAC, 0x7BAC,
 0x7BAC, 0x7BAC, 0x7BAD, 0x7BAC, 0x7BAC, 0x7BAD, 0x7BAC, 0x7BAC, 0x7BAC, 0x7BAC, 0x7BAC, 0x7BAC, 0x7BAC, 0x7BAC, 0x7BAC, 0x7BAC,
 0x7BAC, 0x7B8C, 0x7B8C, 0x7B8C, 0x7B8C, 0x7B8C, 0x7B8C, 0x7B8C, 0x7B8C, 0x7B8C, 0x7B8C, 0x7B8C, 0x7B8C, 0x7B8C, 0x7B8C, 0x7B8C,
 0x738C, 0x736C, 0x736C, 0x6B4C, 0x738C, 0xCDB0, 0xEE92, 0xE651, 0xE651, 0xE651, 0xE651, 0xE651, 0xE651, 0xE651, 0xE651, 0xE651,
 0xE651, 0xE651, 0xE651, 0xE651, 0xE651, 0xE651, 0xE651, 0xE651, 0xE651, 0xE651, 0xE651, 0xE651, 0xE651, 0xE651, 0xE651, 0xE651,
 0xE651, 0xE651, 0xE651, 0xE651, 0xE651, 0xE651, 0xE651, 0xE651, 0xE651, 0xE651, 0xE651, 0xE651, 0xE651, 0xE651, 0xE651, 0xE651,
 0xE651, 0xE651, 0xE651, 0xE651, 0xE651, 0xE651, 0xE651, 0xE651, 0xE651, 0xE651, 0xE651, 0xE651, 0xE651, 0xE651, 0xE651, 0xE651,
 0xE651, 0xE651, 0xE651, 0xE651, 0xE651, 0xE651, 0xE651, 0xE651, 0xE651, 0xE651, 0xE671, 0xEE92, 0xBD4F, 0x736C, 0x738C, 0x7B8C,
 0x7B8C, 0x7B8C, 0x7B8C, 0x7B8C, 0x7B8C, 0x7B8C, 0x7B8C, 0x7B8C, 0x7B8C, 0x7B8C, 0x7B8C, 0x7B8C, 0x7B8C, 0x7B8C, 0x7B8C, 0x7B8C,
 0x7B8C, 0x7B8C, 0x7B8C, 0x7B8C, 0x7B8C, 0x7B8C, 0x7B8C, 0x7B8C, 0x7B8C, 0x7B8C, 0x7B8C, 0x7B8C, 0x7B8C, 0x7B8C, 0x7B8C, 0x7B8C,
 0x7B8C, 0x7B8C, 0x7B8C, 0x7B8C, 0x7B8C, 0x7B8C, 0x7B8C, 0x7B8C, 0x7B8C, 0x7B8C, 0x7B8C, 0x7B8C, 0x7B8C, 0x7B8C, 0x7B8C, 0x7B8C,
 0x7B8C, 0x7B8C, 0x7B8C, 0x736C, 0x7BAC, 0xCDD0, 0xEE92, 0xE651, 0xE651, 0xE651, 0xE651, 0xE651, 0xE651, 0xE651, 0xE651, 0xE651,
 0xE651, 0xE651, 0xE651, 0xE651, 0xE651, 0xE651, 0xE651, 0xE651, 0xE651, 0xE651, 0xE651, 0xE651, 0xE651, 0xE651, 0xE651, 0xE651,
 0xE651, 0xE651, 0xE651, 0xE651, 0xE651, 0xE651, 0xE651, 0xE651, 0xE651, 0xE651, 0xE651, 0xE651, 0xE651, 0xE651, 0xE651, 0xE651,
 0xE651, 0xE651, 0xE651, 0xE651, 0xE651, 0xE651, 0xE651, 0xE651, 0xE651, 0xE651, 0xE651, 0xE651, 0xE651, 0xE651, 0xE651, 0xE651,
 0xE651, 0xE651, 0xE651, 0xE651, 0xE651, 0xE651, 0xE651, 0xE651, 0xE651, 0xE651, 0xE671, 0xEE92, 0xBD4F, 0x6B4C, 0x736C, 0x736C,
 0x736C, 0x736C, 0x736C, 0x736C, 0x736C, 0x736C, 0x736C, 0x738C, 0x7B8C, 0x7B8C, 0x7B8C, 0x7B8C, 0x7B8C, 0x7B8C, 0x7B8C, 0x7B8C,
 0x7B8C, 0x7B8C, 0x7B8C, 0x7B8C, 0x7B8C, 0x7B8C, 0x7B8C, 0x7B8C, 0x7B8C, 0x7B8C, 0x7B8C, 0x7B8C, 0x7B8C, 0x7B8C, 0x7B8C, 0x7B8C,
 0x7B8C, 0x7B8C, 0x7B8C, 0x7B8C, 0x7B8C, 0x7B8C, 0x7B8C, 0x7B8C, 0x7B8C, 0x7B8C, 0x7B8C, 0x7B8C, 0x7B8C, 0x7B8C, 0x7B8C, 0x7B8C,
 0x7B8C, 0x7B8C, 0x7B8C, 0x736C, 0x7BAC, 0xCDD0, 0xEE92, 0xE651, 0xE651, 0xE651, 0xE651, 0xE651, 0xE651, 0xE651, 0xE651, 0xE651,
 0xE651, 0xE651, 0xE651, 0xE651, 0xE651, 0xE651, 0xE651, 0xE651, 0xE651, 0xE651, 0xE651, 0xE651, 0xE651, 0xE651, 0xE651, 0xE651,
 0xE651, 0xE651, 0xE651, 0xE651, 0xE651, 0xE651, 0xE651, 0xE651, 0xE651, 0xE651, 0xE651, 0xE651, 0xE651, 0xE651, 0xE651, 0xE651,
 0xE651, 0xE651, 0xE651, 0xE651, 0xE651, 0xE651, 0xE651, 0xE651, 0xE651, 0xE651, 0xE651, 0xE651, 0xE651, 0xE651, 0xE651, 0xE651,
 0xE651, 0xE651, 0xE651, 0xE651, 0xE651, 0xE651, 0xE651, 0xE651, 0xE651, 0xE651, 0xE671, 0xEE92, 0xBD4F, 0x738C, 0x7BAD, 0x7BCD,
 0x7BCD, 0x7BCD, 0x7BCD, 0x7BCD, 0x7BCD, 0x7BCD, 0x7BCD, 0x7B8C, 0x7B8C, 0x7B8C, 0x7B8C, 0x7B8C, 0x7B8C, 0x7B8C, 0x7B8C, 0x7B8C,
 0x7B8C, 0x7B8C, 0x7B8C, 0x7B8C, 0x7B8C, 0x7B8C, 0x7B8C, 0x7B8C, 0x7B8C, 0x7B8C, 0x7B8C, 0x7B8C, 0x7B8C, 0x7B8C, 0x7B8C, 0x7B8C,
 0x7B8C, 0x7B8C, 0x7B8C, 0x7B8C, 0x7B8C, 0x7B8C, 0x7B8C, 0x7B8C, 0x7B8C, 0x7B8C, 0x7B8C, 0x7B8C, 0x7B8C, 0x7B8C, 0x7B8C, 0x7B8C,
 0x7B8C, 0x7B8C, 0x7B8C, 0x736C, 0x7BAC, 0xCDD0, 0xEE92, 0xE651, 0xE651, 0xE651, 0xE651, 0xE651, 0xE651, 0xE651, 0xE651, 0xE651,
 0xE651, 0xE651, 0xE651, 0xE651, 0xE651, 0xE671, 0xE671, 0xE671, 0xE651, 0xE651, 0xE651, 0xE651, 0xE651, 0xE651, 0xE651, 0xE671,
 0xE651, 0xE651, 0xE651, 0xE651, 0xE651, 0xE651, 0xE651, 0xE651, 0xE651, 0xE651, 0xE651, 0xE651, 0xE651, 0xE651, 0xE651, 0xE651,
 0xE651, 0xE651, 0xE651, 0xE651, 0xE651, 0xE651, 0xE651, 0xE651, 0xE651, 0xE651, 0xE651, 0xE651, 0xE651, 0xE651, 0xE651, 0xE651,
 0xE651, 0xE651, 0xE651, 0xE651, 0xE651, 0xE651, 0xE651, 0xE651, 0xE651, 0xE651, 0xE651, 0xE671, 0xE651, 0xDE11, 0xDE11, 0xDE11,
 0xDE11, 0xDE11, 0xDE11, 0xDE11, 0xDE11, 0xE651, 0xCDB0, 0x7BAD, 0x736C, 0x7B8C, 0x7B8C, 0x7B8C, 0x7B8C, 0x7B8C, 0x7B8C, 0x7B8C,
 0x7B8C, 0x7B8C, 0x7B8C, 0x7B8C, 0x7B8C, 0x7B8C, 0x7B8C, 0x7B8C, 0x7B8C, 0x7B8C, 0x7B8C, 0x7B8C, 0x7B8C, 0x7B8C, 0x7B8C, 0x7B8C,
 0x7B8C, 0x7B8C, 0x7B8C, 0x7B8C, 0x7B8C, 0x7B8C, 0x7B8C, 0x7B8C, 0x7B8C, 0x7B8C, 0x7B8C, 0x7B8C, 0x7B8C, 0x7B8C, 0x7B8C, 0x7B8C,
 0x7B8C, 0x7B8C, 0x7B8C, 0x736C, 0x7BAC, 0xCDD0, 0xEE92, 0xE651, 0xE651, 0xE651, 0xE651, 0xE651, 0xE651, 0xE651, 0xE651, 0xE672,
 0xE693, 0xE692, 0xE692, 0xE692, 0xEE93, 0xEEB4, 0xEEB4, 0xEEB4, 0xEEB4, 0xEEB3, 0xE692, 0xE692, 0xE692, 0xE692, 0xEE93, 0xEEB4,
 0xE651, 0xE651, 0xE651, 0xE651, 0xE651, 0xE651, 0xE651, 0xE651, 0xE651, 0xE651, 0xE651, 0xE651, 0xE651, 0xE651, 0xE651, 0xE651,
 0xE651, 0xE651, 0xE651, 0xE651, 0xE651, 0xE651, 0xE651, 0xE651, 0xE651, 0xE651, 0xE651, 0xE651, 0xE651, 0xE651, 0xE651, 0xE651,
 0xE651, 0xE651, 0xE651, 0xE651, 0xE651, 0xE651, 0xE651, 0xE651, 0xE651, 0xE651, 0xE651, 0xE651, 0xEE71, 0xEE92, 0xEE91, 0xEE91,
 0xEE91, 0xEE91, 0xEE91, 0xEE91, 0xEE91, 0xF6B2, 0xDE11, 0x7BAD, 0x736C, 0x7B8C, 0x7B8C, 0x7B8C, 0x7B8C, 0x7B8C, 0x7B8C, 0x7B8C,
 0x7B8C, 0x7B8C, 0x7B8C, 0x7B8C, 0x7B8C, 0x7B8C, 0x7B8C, 0x7B8C, 0x7B8C, 0x7B8C, 0x7B8C, 0x7B8C, 0x7B8C, 0x7B8C, 0x7B8C, 0x7B8C,
 0x7B8C, 0x7B8C, 0x7B8C, 0x7B8C, 0x7B8C, 0x7B8C, 0x7B8C, 0x7B8C, 0x7B8C, 0x7B8C, 0x7B8C, 0x7B8C, 0x7B8C, 0x7B8C, 0x7B8C, 0x7B8C,
 0x7B8C, 0x7B8C, 0x7B8C, 0x736C, 0x7BAC, 0xCDD0, 0xEE92, 0xE651, 0xE651, 0xE651, 0xE651, 0xE651, 0xE651, 0xE651, 0xE651, 0xE672,
 0xEE93, 0xEE93, 0xEE93, 0xE693, 0xEE93, 0xEED5, 0xEED4, 0xEED4, 0xEED5, 0xEEB4, 0xE693, 0xEE93, 0xEE93, 0xEE93, 0xEE93, 0xEEB4,
 0xE651, 0xE651, 0xE651, 0xE651, 0xE651, 0xE651, 0xE651, 0xE651, 0xE651, 0xE651, 0xE651, 0xE651, 0xE651, 0xE651, 0xE651, 0xE651,
 0xE651, 0xE651, 0xE651, 0xE651, 0xE651, 0xE651, 0xE651, 0xE651, 0xE651, 0xE651, 0xE651, 0xE651, 0xE651, 0xE651, 0xE651, 0xE651,
 0xE651, 0xE651, 0xE651, 0xE651, 0xE651, 0xE651, 0xE651, 0xE651, 0xE651, 0xE651, 0xE651, 0xE651, 0xE651, 0xE651, 0xE651, 0xE651,
 0xE651, 0xE651, 0xE651, 0xE651, 0xE651, 0xEE91, 0xD5F0, 0x7BAD, 0x736C, 0x7B8C, 0x7B8C, 0x7B8C, 0x7B8C, 0x7B8C, 0x7B8C, 0x7B8C,
 0x7B8C, 0x7B8C, 0x7B8C, 0x7B8C, 0x7B8C, 0x7B8C, 0x7B8C, 0x7B8C, 0x7B8C, 0x7B8C, 0x7B8C, 0x7B8C, 0x7B8C, 0x7B8C, 0x7B8C, 0x7B8C,
 0x7B8C, 0x7B8C, 0x7B8C, 0x7B8C, 0x7B8C, 0x7B8C, 0x7B8C, 0x7B8C, 0x7B8C, 0x7B8C, 0x7B8C, 0x7B8C, 0x7B8C, 0x7B8C, 0x7B8C, 0x7B8C,
 0x7B8C, 0x7B8C, 0x7B8C, 0x736C, 0x7BAC, 0xCDD0, 0xEE92, 0xE651, 0xE651, 0xE651, 0xE651, 0xE651, 0xE651, 0xE651, 0xE651, 0xE672,
 0xEE93, 0xEE93, 0xEE93, 0xE693, 0xEE93, 0xEEB4, 0xEEB4, 0xEEB4, 0xEEB4, 0xEEB4, 0xE693, 0xEE93, 0xEE93, 0xEE93, 0xEE93, 0xEEB4,
 0xE651, 0xE651, 0xE651, 0xE651, 0xE651, 0xE651, 0xE651, 0xE651, 0xE651, 0xE651, 0xE651, 0xE651, 0xE651, 0xE651, 0xE651, 0xE651,
 0xE651, 0xE651, 0xE651, 0xE651, 0xE651, 0xE651, 0xE651, 0xE651, 0xE651, 0xE651, 0xE651, 0xE651, 0xE651, 0xE651, 0xE651, 0xE651,
 0xE651, 0xE651, 0xE651, 0xE651, 0xE651, 0xE651, 0xE651, 0xE651, 0xE651, 0xE651, 0xE651, 0xE651, 0xE651, 0xE651, 0xE651, 0xE651,
 0xE651, 0xE651, 0xE651, 0xE651, 0xE651, 0xEE91, 0xD5F0, 0x7BAC, 0x6B4C, 0x738C, 0x738C, 0x738C, 0x738C, 0x738C, 0x738C, 0x738C,
 0x738C, 0x738C, 0x738C, 0x738C, 0x738C, 0x736C, 0x738C, 0x7B8C, 0x7B8C, 0x7B8C, 0x7B8C, 0x7B8C, 0x7B8C, 0x7B8C, 0x7B8C, 0x7B8C,
 0x7B8C, 0x7B8C, 0x7B8C, 0x7B8C, 0x7B8C, 0x7B8C, 0x7B8C, 0x7B8C, 0x7B8C, 0x7B8C, 0x7B8C, 0x7B8C, 0x7B8C, 0x7B8C, 0x7B8C, 0x7B8C,
 0x738C, 0x738C, 0x738C, 0x736C, 0x7B8C, 0xCDD0, 0xF6B2, 0xE671, 0xE671, 0xE671, 0xEE71, 0xEE71, 0xEE71, 0xEE71, 0xE671, 0xE672,
 0xEE93, 0xEE93, 0xEE93, 0xE692, 0xEE93, 0xEEB4, 0xEEB4, 0xEEB4, 0xEEB4, 0xEEB4, 0xE693, 0xEE93, 0xEE93, 0xEE93, 0xEE93, 0xEEB4,
 0xE651, 0xE651, 0xE651, 0xE651, 0xE651, 0xE651, 0xE651, 0xE651, 0xE651, 0xE651, 0xE651, 0xE651, 0xE651, 0xE651, 0xE651, 0xE651,
 0xE651, 0xE651, 0xE651, 0xE651, 0xE651, 0xE651, 0xE651, 0xE651, 0xE651, 0xE651, 0xE651, 0xE651, 0xE651, 0xE651, 0xE651, 0xE651,
 0xE651, 0xE651, 0xE651, 0xE651, 0xE651, 0xE651, 0xE651, 0xE651, 0xE651, 0xE651, 0xE651, 0xE651, 0xE651, 0xE651, 0xE651, 0xE651,
 0xE651, 0xE651, 0xE651, 0xE651, 0xE651, 0xEE91, 0xD5F0, 0x7BAD, 0x736C, 0x738C, 0x738C, 0x738C, 0x738C, 0x738C, 0x738C, 0x738C,
 0x738C, 0x738C, 0x738C, 0x738C, 0x738C, 0x738C, 0x7B8C, 0x7B8C, 0x7B8C, 0x7B8C, 0x7B8C, 0x7B8C, 0x7B8C, 0x7B8C, 0x7B8C, 0x7B8C,
 0x7B8C, 0x7B8C, 0x7B8C, 0x7B8C, 0x7B8C, 0x7B8C, 0x7B8C, 0x7B8C, 0x7B8C, 0x7B8C, 0x7B8C, 0x7B8C, 0x7B8C, 0x7B8C, 0x7B8C, 0x7B8C,
 0x738C, 0x738C, 0x738C, 0x736C, 0x7B8C, 0xCDD0, 0xEE92, 0xE651, 0xE651, 0xE671, 0xE671, 0xE671, 0xE671, 0xE671, 0xE651, 0xE672,
 0xEE93, 0xEE93, 0xEE93, 0xE692, 0xEE93, 0xEED4, 0xEEB4, 0xEEB4, 0xEED4, 0xEEB4, 0xE693, 0xEE93, 0xEE93, 0xEE93, 0xEE93, 0xEEB4,
 0xE651, 0xE651, 0xE651, 0xE651, 0xE651, 0xE651, 0xE651, 0xE651, 0xE651, 0xE651, 0xE651, 0xE651, 0xE651, 0xE651, 0xE651, 0xE651,
 0xE651, 0xE651, 0xE651, 0xE651, 0xE651, 0xE651, 0xE651, 0xE651, 0xE651, 0xE651, 0xE651, 0xE651, 0xE651, 0xE651, 0xE651, 0xE651,
 0xE651, 0xE651, 0xE651, 0xE651, 0xE651, 0xE651, 0xE651, 0xE651, 0xE651, 0xE651, 0xE651, 0xE651, 0xE651, 0xE651, 0xE651, 0xE651,
 0xE651, 0xE651, 0xE651, 0xE651, 0xE651, 0xE671, 0xE651, 0xD5D0, 0xCDD0, 0xCDD0, 0xCDD0, 0xCDD0, 0xCDD0, 0xCDD0, 0xCDD0, 0xCDD0,
 0xCDD0, 0xCDD0, 0xCDD0, 0xCDD0, 0xD5D0, 0xD5F0, 0x946E, 0x736C, 0x7B8C, 0x7B8C, 0x7B8C, 0x7B8C, 0x7B8C, 0x7B8C, 0x7B8C, 0x7B8C,
 0x7B8C, 0x7B8C, 0x7B8C, 0x7B8C, 0x7B8C, 0x7B8C, 0x7B8C, 0x7B8C, 0x7B8C, 0x7B8C, 0x7B8C, 0x7B8C, 0x7B8C, 0x7B8C, 0x738C, 0x7BAD,
 0x9470, 0x9C90, 0x9490, 0x9490, 0x9490, 0xAD12, 0xB552, 0xB532, 0xB532, 0xB552, 0xAD11, 0xAD11, 0xAD11, 0xAD11, 0xA4F1, 0xCE14,
 0xF737, 0xF716, 0xEEF6, 0xEF17, 0xEEF6, 0xEEF5, 0xEED5, 0xEED5, 0xEEF6, 0xEED5, 0xEE93, 0xEE93, 0xEE93, 0xEE93, 0xEE93, 0xEE93,
 0xE651, 0xE651, 0xE651, 0xE651, 0xE651, 0xE651, 0xE651, 0xE651, 0xE651, 0xE651, 0xE651, 0xE651, 0xE651, 0xE651, 0xE651, 0xE651,
 0xE651, 0xE651, 0xE651, 0xE651, 0xE651, 0xE651, 0xE651, 0xE651, 0xE651, 0xE651, 0xE651, 0xE651, 0xE651, 0xE651, 0xE651, 0xE651,
 0xE651, 0xE651, 0xE651, 0xE651, 0xE651, 0xE651, 0xE651, 0xE651, 0xE651, 0xE651, 0xE651, 0xE651, 0xE651, 0xE651, 0xE651, 0xE651,
 0xE651, 0xE651, 0xE651, 0xE651, 0xE651, 0xE651, 0xE671, 0xEE92, 0xEE92, 0xEE92, 0xEE92, 0xEE92, 0xEE92, 0xEE92, 0xEE92, 0xEE92,
 0xEE92, 0xEE92, 0xEE92, 0xEE92, 0xF6B2, 0xF6B2, 0xA4AE, 0x6B4C, 0x7B8C, 0x7B8C, 0x7B8C, 0x7B8C, 0x7B8C, 0x7B8C, 0x7B8C, 0x7B8C,
 0x7B8C, 0x7B8C, 0x7B8C, 0x7B8C, 0x7B8C, 0x7B8C, 0x7B8C, 0x7B8C, 0x7B8C, 0x7B8C, 0x7B8C, 0x7B8C, 0x7B8C, 0x7B8C, 0x738C, 0x7BAD,
 0x9CB1, 0xA4F2, 0xA4D2, 0xA4D2, 0xA4D2, 0x9CD2, 0x9CD2, 0x9CF2, 0x9CF2, 0x9CD2, 0x9CB2, 0x9491, 0x9491, 0x9491, 0x9471, 0xC5F5,
 0xFF78, 0xF738, 0xF738, 0xF738, 0xF717, 0xEEF6, 0xEEF6, 0xEEF6, 0xEEF6, 0xEED5, 0xEE92, 0xEE93, 0xEE93, 0xEE93, 0xEE93, 0xEE93,
 0xE651, 0xE651, 0xE651, 0xE651, 0xE651, 0xE651, 0xE651, 0xE651, 0xE651, 0xE651, 0xE651, 0xE651, 0xE651, 0xE651, 0xE651, 0xE651,
 0xE651, 0xE651, 0xE651, 0xE651, 0xE651, 0xE651, 0xE651, 0xE651, 0xE651, 0xE651, 0xE651, 0xE651, 0xE651, 0xE651, 0xE651, 0xE651,
 0xE651, 0xE651, 0xE651, 0xE651, 0xE651, 0xE651, 0xE651, 0xE651, 0xE651, 0xE651, 0xE651, 0xE651, 0xE651, 0xE651, 0xE651, 0xE651,
 0xE651, 0xE651, 0xE651, 0xE651, 0xE651, 0xE651, 0xE651, 0xE651, 0xE651, 0xE651, 0xE651, 0xE651, 0xE651, 0xE651, 0xE651, 0xE651,
 0xE651, 0xE651, 0xE651, 0xE651, 0xEE71, 0xEE71, 0x9C8E, 0x6B4C, 0x7B8C, 0x7B8C, 0x7B8C, 0x7B8C, 0x7B8C, 0x7B8C, 0x7B8C, 0x7B8C,
 0x7B8C, 0x7B8C, 0x7B8C, 0x7B8C, 0x7B8C, 0x7B8C, 0x7B8C, 0x7B8C, 0x7B8C, 0x7B8C, 0x7B8C, 0x7B8C, 0x7B8C, 0x7B8C, 0x738C, 0x7BAD,
 0x9CB1, 0xA4D2, 0x9CD1, 0x9CD1, 0x9CD1, 0xA4F2, 0xA4F2, 0xA4F2, 0xA4F2, 0xA4F2, 0x9CD2, 0x9CB1, 0x9CD1, 0x9CB1, 0x9491, 0xCE15,
 0xFF58, 0xF717, 0xF717, 0xF718, 0xF717, 0xEEF6, 0xEEF6, 0xEEF6, 0xEEF6, 0xEED5, 0xEE92, 0xEE93, 0xEE93, 0xEE93, 0xEE93, 0xEE93,
 0xE651, 0xE651, 0xE651, 0xE651, 0xE651, 0xE651, 0xE651, 0xE651, 0xE651, 0xE651, 0xE651, 0xE651, 0xE651, 0xE651, 0xE651, 0xE651,
 0xE651, 0xE651, 0xE651, 0xE651, 0xE651, 0xE651, 0xE651, 0xE651, 0xE651, 0xE651, 0xE651, 0xE651, 0xE651, 0xE651, 0xE651, 0xE651,
 0xE651, 0xE651, 0xE651, 0xE651, 0xE651, 0xE651, 0xE651, 0xE651, 0xE651, 0xE651, 0xE651, 0xE651, 0xE651, 0xE651, 0xE651, 0xE651,
 0xE651, 0xE651, 0xE651, 0xE651, 0xE651, 0xE651, 0xE651, 0xE651, 0xE651, 0xE651, 0xE651, 0xE651, 0xE651, 0xE651, 0xE651, 0xE651,
 0xE651, 0xE651, 0xE651, 0xE651, 0xEE71, 0xEE71, 0x9C8E, 0x6B4C, 0x738C, 0x738C, 0x738C, 0x738C, 0x738C, 0x738C, 0x738C, 0x738C,
 0x738C, 0x7B8C, 0x7B8C, 0x7B8C, 0x7B8C, 0x7B8C, 0x7B8C, 0x7B8C, 0x7B8C, 0x7B8C, 0x7B8C, 0x7B8C, 0x7B8C, 0x7B8C, 0x738C, 0x7BAD,
 0x9CB1, 0xA4F2, 0x9CD1, 0x9CD1, 0x9CD1, 0xA4F2, 0xA512, 0xA512, 0xA512, 0xA512, 0xA4D2, 0x9CD1, 0x9CD1, 0x9CD1, 0x94B1, 0xCE15,
 0xFF78, 0xF738, 0xF738, 0xF738, 0xF717, 0xEEF6, 0xEEF6, 0xEEF6, 0xEEF6, 0xEED5, 0xEE92, 0xEE93, 0xEE93, 0xEE93, 0xEE93, 0xEE93,
 0xE651, 0xE651, 0xE651, 0xE651, 0xE651, 0xE651, 0xE651, 0xE651, 0xE651, 0xE651, 0xE651, 0xE651, 0xE651, 0xE651, 0xE651, 0xE651,
 0xE651, 0xE651, 0xE651, 0xE651, 0xE651, 0xE651, 0xE651, 0xE651, 0xE651, 0xE651, 0xE651, 0xE651, 0xE651, 0xE651, 0xE651, 0xE651,
 0xE651, 0xE651, 0xE651, 0xE651, 0xE651, 0xE651, 0xE651, 0xE651, 0xE651, 0xE651, 0xE651, 0xE651, 0xE651, 0xE651, 0xE651, 0xE651,
 0xE651, 0xE651, 0xE651, 0xE651, 0xE651, 0xE651, 0xE651, 0xE651, 0xE651, 0xE651, 0xE651, 0xE651, 0xE651, 0xE651, 0xE651, 0xE651,
 0xE651, 0xE651, 0xE651, 0xE651, 0xE651, 0xEE71, 0x9C6E, 0x632B, 0x736C, 0x736C, 0x736C, 0x734C, 0x6B4C, 0x6B4C, 0x6B4C, 0x6B4C,
 0x736C, 0x738C, 0x738C, 0x738C, 0x738C, 0x738C, 0x738C, 0x738C, 0x738C, 0x738C, 0x738C, 0x7B8C, 0x7B8C, 0x7B8C, 0x738C, 0x7BAD,
 0x9CB1, 0xA4F2, 0x9CD1, 0x9CD1, 0x9CD1, 0xA4F2, 0xA513, 0xA512, 0xA512, 0xA513, 0xA4F2, 0x9CD1, 0x9CD1, 0x9CD1, 0x9CB1, 0xCE35,
 0xFF99, 0xFF58, 0xFF58, 0xFF58, 0xF737, 0xEEF6, 0xEEF6, 0xEEF6, 0xEEF6, 0xEED5, 0xEE92, 0xEE93, 0xEE93, 0xEE93, 0xEE93, 0xEE93,
 0xE651, 0xE651, 0xE651, 0xE651, 0xE651, 0xE651, 0xE651, 0xE651, 0xE651, 0xE651, 0xE651, 0xE651, 0xE651, 0xE651, 0xE651, 0xE651,
 0xE651, 0xE651, 0xE651, 0xE651, 0xE651, 0xE651, 0xE651, 0xE651, 0xE651, 0xE651, 0xE651, 0xE651, 0xE651, 0xE651, 0xE651, 0xE651,
 0xE651, 0xE651, 0xE672, 0xE672, 0xE672, 0xE672, 0xE672, 0xEE93, 0xEED4, 0xEEB4, 0xEEB4, 0xEEB4, 0xEEB4, 0xEEB4, 0xEEB4, 0xEEB4,
 0xEEB4, 0xEED5, 0xEEF5, 0xEEF5, 0xEEF5, 0xEEF5, 0xEED5, 0xEED4, 0xEEB4, 0xEEB4, 0xEEB4, 0xEED5, 0xF717, 0xF718, 0xF718, 0xF718,
 0xF718, 0xEED5, 0xEEB4, 0xEEB4, 0xEEB4, 0xEED4, 0xD633, 0xC5D3, 0xCDD3, 0xCDD3, 0xCDD3, 0xCDF4, 0xCE35, 0xCE15, 0xCE15, 0xCE56,
 0xAD32, 0x7BCD, 0x83ED, 0x83EE, 0x83EE, 0x83EE, 0x83EE, 0x83EE, 0x83EE, 0x83EE, 0x83EE, 0x7BCD, 0x7BCD, 0x7BCD, 0x7BCD, 0x7BCD,
 0x83EE, 0x83EE, 0x83EE, 0x83EE, 0x83EE, 0x8C2F, 0x8C2F, 0x8C2F, 0x8C2F, 0x8C2F, 0x8C2F, 0x8C0E, 0x8C2F, 0x8C0F, 0x8C0E, 0x9490,
 0xA4F1, 0xA4F1, 0xA4F1, 0x9CB0, 0xC592, 0xEED4, 0xEEB4, 0xEEB4, 0xEEB4, 0xEEB3, 0xEE93, 0xEE93, 0xEE93, 0xEE93, 0xEE93, 0xEE93,
 0xE651, 0xE651, 0xE651, 0xE651, 0xE651, 0xE651, 0xE651, 0xE651, 0xE651, 0xE651, 0xE651, 0xE651, 0xE651, 0xE651, 0xE651, 0xE651,
 0xE651, 0xE651, 0xE651, 0xE651, 0xE651, 0xE651, 0xE651, 0xE651, 0xE651, 0xE651, 0xE651, 0xE651, 0xE651, 0xE651, 0xE651, 0xE651,
 0xE651, 0xE651, 0xE672, 0xEE93, 0xEE93, 0xEE93, 0xE693, 0xEED4, 0xEF17, 0xEEF6, 0xEEF6, 0xEEF6, 0xEEF6, 0xEEF6, 0xEEF6, 0xEEF6,
 0xEEF6, 0xEF17, 0xF738, 0xF738, 0xF738, 0xF738, 0xF718, 0xEEF6, 0xEEF6, 0xEEF6, 0xEEF6, 0xF717, 0xFF7B, 0xFF9C, 0xFF9C, 0xFF9C,
 0xFF9C, 0xF718, 0xEEF6, 0xEEF6, 0xEEF6, 0xEEF6, 0xF737, 0xFF57, 0xFF37, 0xFF37, 0xFF36, 0xFF79, 0xFFBB, 0xFFBA, 0xFFBA, 0xFFFB,
 0xCE35, 0x83EE, 0x8C0E, 0x8C2E, 0x8C2E, 0x8C2E, 0x8C2E, 0x8C2E, 0x8C2E, 0x8C2E, 0x8C0E, 0x83ED, 0x83ED, 0x83ED, 0x83ED, 0x83CD,
 0x738C, 0x736C, 0x736C, 0x736C, 0x736C, 0x7BAD, 0x7BCD, 0x7BAD, 0x7BAD, 0x7BAD, 0x7BCD, 0x7BCD, 0x7BCD, 0x7BCD, 0x7BCD, 0x7BAD,
 0x738C, 0x738C, 0x738C, 0x6B4C, 0xA4CF, 0xEEB3, 0xEE92, 0xE692, 0xE692, 0xE692, 0xEE93, 0xEE93, 0xEE93, 0xEE93, 0xEE93, 0xEE93,
 0xE651, 0xE651, 0xE651, 0xE651, 0xE651, 0xE651, 0xE651, 0xE651, 0xE651, 0xE651, 0xE651, 0xE651, 0xE651, 0xE651, 0xE651, 0xE651,
 0xE651, 0xE651, 0xE651, 0xE651, 0xE651, 0xE651, 0xE651, 0xE651, 0xE651, 0xE651, 0xE651, 0xE651, 0xE651, 0xE651, 0xE651, 0xE651,
 0xE651, 0xE651, 0xE672, 0xEE93, 0xEE93, 0xEE93, 0xE692, 0xEEB4, 0xEEF6, 0xEEF6, 0xEEF6, 0xEEF6, 0xEEF6, 0xEEF6, 0xEEF6, 0xEEF6,
 0xEEF6, 0xEEF6, 0xF717, 0xF717, 0xF717, 0xF718, 0xF717, 0xEEF6, 0xEEF6, 0xEEF6, 0xEEF6, 0xEEF6, 0xF77A, 0xFF9B, 0xF77B, 0xF77B,
 0xF77B, 0xF717, 0xEED5, 0xEEF6, 0xEEF6, 0xEEF6, 0xEEF6, 0xEEF6, 0xEEF6, 0xEEF6, 0xEEF6, 0xF717, 0xF759, 0xF759, 0xF759, 0xFF9A,
 0xCE15, 0x83ED, 0x840E, 0x8C0E, 0x8C0E, 0x8C0E, 0x8C0E, 0x8C0E, 0x8C0E, 0x8C0E, 0x840E, 0x83CD, 0x83CD, 0x83CD, 0x83CD, 0x83CD,
 0x7BAD, 0x738C, 0x7B8C, 0x7B8C, 0x7B8C, 0x7BCD, 0x83ED, 0x83CD, 0x83CD, 0x83CD, 0x83CD, 0x83CD, 0x83CD, 0x83CD, 0x83CD, 0x83CD,
 0x83CD, 0x83CD, 0x7BCD, 0x738D, 0xACEF, 0xEEB3, 0xEE93, 0xEE93, 0xEE93, 0xEE93, 0xEE93, 0xEE93, 0xEE93, 0xEE93, 0xEE93, 0xEE93,
 0xE651, 0xE651, 0xE651, 0xE651, 0xE651, 0xE651, 0xE651, 0xE651, 0xE651, 0xE651, 0xE651, 0xE651, 0xE651, 0xE651, 0xE651, 0xE651,
 0xE651, 0xE651, 0xE651, 0xE651, 0xE651, 0xE651, 0xE651, 0xE651, 0xE651, 0xE651, 0xE651, 0xE651, 0xE651, 0xE651, 0xE651, 0xE651,
 0xE651, 0xE651, 0xE672, 0xEE93, 0xEE93, 0xEE93, 0xE692, 0xEEB4, 0xEEF6, 0xEEF6, 0xEEF6, 0xEEF6, 0xEEF6, 0xEEF6, 0xEEF6, 0xEEF6,
 0xEEF6, 0xEEF6, 0xF717, 0xF717, 0xF717, 0xF718, 0xF717, 0xEEF6, 0xEEF6, 0xEEF6, 0xEEF6, 0xEEF6, 0xF77A, 0xFF9B, 0xF77B, 0xF77B,
 0xF77B, 0xF717, 0xEED5, 0xEEF6, 0xEEF6, 0xEEF6, 0xEEF6, 0xEEF6, 0xEEF6, 0xEEF6, 0xEEF6, 0xF717, 0xF759, 0xF759, 0xF759, 0xFF9A,
 0xC615, 0x83CD, 0x840E, 0x840E, 0x840E, 0x840E, 0x840E, 0x840E, 0x840E, 0x840E, 0x840E, 0x7BCD, 0x7BCD, 0x7BCD, 0x7BCD, 0x7BCD,
 0x7BAD, 0x738C, 0x7B8C, 0x7B8C, 0x7B8C, 0x7BCD, 0x83ED, 0x83CD, 0x83CD, 0x83CD, 0x83CD, 0x83CD, 0x83CD, 0x83CD, 0x83CD, 0x83CD,
 0x83CD, 0x83CD, 0x7BCD, 0x738D, 0xACEF, 0xF6D3, 0xEE93, 0xEE93, 0xEE93, 0xEE93, 0xEE93, 0xEE93, 0xEE93, 0xEE93, 0xEE93, 0xEE93,
 0xE651, 0xE651, 0xE651, 0xE651, 0xE651, 0xE651, 0xE651, 0xE651, 0xE651, 0xE651, 0xE651, 0xE651, 0xE651, 0xE651, 0xE651, 0xE651,
 0xE651, 0xE651, 0xE651, 0xE651, 0xE651, 0xE651, 0xE651, 0xE651, 0xE651, 0xE651, 0xE651, 0xE651, 0xE651, 0xE651, 0xE651, 0xE651,
 0xE651, 0xE651, 0xE672, 0xEE93, 0xEE93, 0xEE93, 0xE693, 0xEED4, 0xEF16, 0xEEF6, 0xEEF6, 0xEEF6, 0xEEF6, 0xEEF6, 0xEEF6, 0xEEF6,
 0xEEF6, 0xEEF6, 0xF718, 0xF718, 0xF718, 0xF718, 0xF717, 0xEEF6, 0xEEF6, 0xEEF6, 0xEEF6, 0xEF16, 0xF77B, 0xFF9C, 0xFF9B, 0xFF9B,
 0xFF9B, 0xF717, 0xEEF6, 0xEEF6, 0xEEF6, 0xEEF6, 0xEEF6, 0xEEF6, 0xEEF6, 0xEEF6, 0xEEF6, 0xF738, 0xF759, 0xF759, 0xF759, 0xFF9A,
 0xC5F5, 0x7BAD, 0x7BCE, 0x7BEE, 0x7BEE, 0x7BEE, 0x7BCE, 0x7BCE, 0x7BCE, 0x7BCE, 0x7BCD, 0x738D, 0x738D, 0x738D, 0x738D, 0x738D,
 0x738C, 0x7B8C, 0x7B8C, 0x7B8C, 0x7B8C, 0x7BCD, 0x83ED, 0x83ED, 0x83ED, 0x83ED, 0x83ED, 0x83ED, 0x83ED, 0x83ED, 0x83ED, 0x83ED,
 0x83ED, 0x83ED, 0x83CD, 0x7BAD, 0xAD10, 0xFF14, 0xF6D3, 0xF6D3, 0xF6D3, 0xF6B3, 0xEE93, 0xEE93, 0xEE93, 0xEE93, 0xEE93, 0xEE93,
 0xEEB4, 0xEEB4, 0xEEB4, 0xEE92, 0xE651, 0xE651, 0xE651, 0xE651, 0xE651, 0xE651, 0xE651, 0xE651, 0xE651, 0xE651, 0xE651, 0xE651,
 0xE651, 0xE651, 0xE651, 0xE651, 0xE651, 0xE651, 0xE651, 0xE651, 0xE651, 0xE651, 0xE651, 0xE651, 0xE651, 0xEE92, 0xEE93, 0xEE93,
 0xEE93, 0xEE93, 0xE672, 0xE672, 0xE672, 0xE672, 0xE672, 0xEE93, 0xEEB4, 0xEEB4, 0xEEB4, 0xEEB4, 0xEEB4, 0xEEB4, 0xEEB4, 0xEEB4,
 0xEEB4, 0xEED5, 0xEEF7, 0xEEF7, 0xEEF6, 0xEEF7, 0xEEF6, 0xEEB4, 0xEEB4, 0xEEB4, 0xEEB4, 0xEEB4, 0xEF17, 0xF717, 0xF717, 0xF717,
 0xF717, 0xEED5, 0xEEB4, 0xEEB4, 0xEEB4, 0xEEB4, 0xEEB4, 0xEEB4, 0xEEB4, 0xEEB4, 0xEEB4, 0xEEF6, 0xF738, 0xF738, 0xF738, 0xF759,
 0xDE75, 0xBD50, 0xBD70, 0xBD71, 0xBD71, 0xBD71, 0xBD92, 0xBD92, 0xBD92, 0xBD92, 0xBD91, 0xBD50, 0xBD50, 0xBD50, 0xBD70, 0xB530,
 0x7BCD, 0x736C, 0x7B8C, 0x7B8C, 0x7B8C, 0x7BAD, 0x7BAD, 0x7BAD, 0x7BAD, 0x7BAD, 0x7BAD, 0x7BAD, 0x7BAD, 0x7BAD, 0x7BAD, 0x7BAD,
 0x7BAD, 0x7BAD, 0x7BAD, 0x7B8D, 0x8C2E, 0xAD0F, 0xACEF, 0xACEF, 0xA4CF, 0xBD50, 0xEE72, 0xEE72, 0xE672, 0xE672, 0xE672, 0xE672,
 0xEEF6, 0xEEF6, 0xEF17, 0xEEB4, 0xE651, 0xE651, 0xE651, 0xE651, 0xE651, 0xE651, 0xE651, 0xE651, 0xE651, 0xE651, 0xE651, 0xE651,
 0xE651, 0xE651, 0xE651, 0xE651, 0xE651, 0xE651, 0xE651, 0xE651, 0xE651, 0xE651, 0xE651, 0xE651, 0xE651, 0xEEB4, 0xEED5, 0xEED5,
 0xEED5, 0xEED5, 0xE672, 0xE651, 0xE651, 0xE651, 0xE651, 0xE672, 0xE692, 0xE692, 0xE692, 0xE692, 0xE692, 0xE692, 0xE692, 0xE692,
 0xE672, 0xEE93, 0xEEF6, 0xEEF6, 0xEEF6, 0xEEF6, 0xEED5, 0xE692, 0xE692, 0xE692, 0xE692, 0xE692, 0xEEB3, 0xEEB4, 0xEEB3, 0xEEB4,
 0xEEB4, 0xE693, 0xE672, 0xE692, 0xE692, 0xE692, 0xE692, 0xE692, 0xE692, 0xE692, 0xE672, 0xEED5, 0xF738, 0xF717, 0xF717, 0xF718,
 0xF6F6, 0xF6D3, 0xF6D3, 0xF6D3, 0xF6D3, 0xF6D4, 0xF715, 0xF715, 0xF715, 0xF715, 0xF6F4, 0xF6D3, 0xF6D3, 0xF6D3, 0xFF14, 0xEE93,
 0x83ED, 0x736C, 0x7B8C, 0x7B8C, 0x7B8C, 0x738C, 0x738C, 0x738C, 0x738C, 0x738C, 0x738C, 0x738C, 0x738C, 0x738C, 0x738C, 0x738C,
 0x738C, 0x738C, 0x738C, 0x7B8C, 0x736C, 0x6B4C, 0x6B4C, 0x6B4C, 0x630B, 0x8C2D, 0xEE71, 0xEE71, 0xE651, 0xE651, 0xE651, 0xE651,
 0xEEF6, 0xEEF6, 0xEEF6, 0xEEB4, 0xE651, 0xE651, 0xE651, 0xE651, 0xE651, 0xE651, 0xE651, 0xE651, 0xE651, 0xE651, 0xE651, 0xE651,
 0xE651, 0xE651, 0xE651, 0xE651, 0xE651, 0xE651, 0xE651, 0xE651, 0xE651, 0xE651, 0xE651, 0xE651, 0xE651, 0xEEB3, 0xEED4, 0xEEB4,
 0xEEB4, 0xEEB4, 0xE672, 0xE651, 0xE651, 0xE651, 0xE651, 0xE672, 0xEE93, 0xEE93, 0xEE93, 0xEE93, 0xEE93, 0xEE93, 0xEE93, 0xEE93,
 0xEE92, 0xEEB3, 0xEEF6, 0xEEF6, 0xEEF6, 0xEEF6, 0xEED5, 0xEE93, 0xEE92, 0xEE93, 0xEE93, 0xE693, 0xEEB4, 0xEEB4, 0xEEB4, 0xEEB4,
 0xEEB4, 0xEE93, 0xEE93, 0xEE93, 0xEE93, 0xEE93, 0xEE93, 0xEE93, 0xEE93, 0xEE93, 0xE672, 0xEED5, 0xF738, 0xF717, 0xF717, 0xF738,
 0xEEF6, 0xE672, 0xEE93, 0xEE93, 0xEE93, 0xEE93, 0xEEB4, 0xEEB4, 0xEEB4, 0xEEB4, 0xEEB4, 0xEE93, 0xEE93, 0xEE93, 0xEEB3, 0xE652,
 0x83ED, 0x736C, 0x7B8C, 0x7B8C, 0x7B8C, 0x7B8C, 0x7B8C, 0x7B8C, 0x7B8C, 0x7B8C, 0x7B8C, 0x7B8C, 0x7B8C, 0x7B8C, 0x7B8C, 0x7B8C,
 0x7B8C, 0x7B8C, 0x7B8C, 0x7B8C, 0x7B8C, 0x7B8C, 0x7B8C, 0x7B8C, 0x6B6C, 0x946E, 0xEE71, 0xEE71, 0xE651, 0xE651, 0xE651, 0xE651,
 0xEEF6, 0xEEF6, 0xEEF6, 0xEEB4, 0xE651, 0xE651, 0xE651, 0xE651, 0xE651, 0xE651, 0xE651, 0xE651, 0xE651, 0xE651, 0xE651, 0xE651,
 0xE651, 0xE651, 0xE651, 0xE651, 0xE651, 0xE651, 0xE651, 0xE651, 0xE651, 0xE651, 0xE651, 0xE651, 0xE651, 0xEEB3, 0xEED4, 0xEEB4,
 0xEEB4, 0xEEB4, 0xE672, 0xE651, 0xE651, 0xE651, 0xE651, 0xE672, 0xEE93, 0xEE93, 0xEE93, 0xEE93, 0xEE93, 0xEE93, 0xEE93, 0xEE93,
 0xEE92, 0xEEB3, 0xEEF6, 0xEEF6, 0xEEF6, 0xEEF6, 0xEED5, 0xEE93, 0xEE92, 0xEE93, 0xEE93, 0xE693, 0xEEB4, 0xEEB4, 0xEEB4, 0xEEB4,
 0xEEB4, 0xEE93, 0xEE93, 0xEE93, 0xEE93, 0xEE93, 0xEE93, 0xEE93, 0xEE93, 0xEE93, 0xE672, 0xEED5, 0xF738, 0xF717, 0xF717, 0xF738,
 0xEEF6, 0xE672, 0xEE93, 0xEE93, 0xEE93, 0xEE93, 0xEEB4, 0xEEB4, 0xEEB4, 0xEEB4, 0xEEB4, 0xEE93, 0xEE93, 0xEE93, 0xEEB3, 0xE652,
 0x83ED, 0x736C, 0x7B8C, 0x7B8C, 0x7B8C, 0x7B8C, 0x7B8C, 0x7B8C, 0x7B8C, 0x7B8C, 0x7B8C, 0x7B8C, 0x7B8C, 0x7B8C, 0x7B8C, 0x7B8C,
 0x7B8C, 0x7B8C, 0x7B8C, 0x7B8C, 0x7B8C, 0x7B8C, 0x7B8C, 0x7B8C, 0x6B6C, 0x946E, 0xEE71, 0xEE71, 0xE651, 0xE651, 0xE651, 0xE651,
 0xEEF6, 0xEEF6, 0xEF17, 0xEEB4, 0xE651, 0xE651, 0xE651, 0xE651, 0xE651, 0xE651, 0xE651, 0xE651, 0xE651, 0xE651, 0xE651, 0xE651,
 0xE651, 0xE651, 0xE651, 0xE650, 0xE650, 0xE650, 0xE650, 0xE650, 0xE651, 0xE651, 0xE651, 0xE651, 0xE651, 0xEE93, 0xEEB4, 0xEEB4,
 0xEEB4, 0xEEB4, 0xE672, 0xE650, 0xE650, 0xE650, 0xE650, 0xE671, 0xE692, 0xE672, 0xE672, 0xE672, 0xE672, 0xE672, 0xE672, 0xE672,
 0xE672, 0xEE93, 0xEEF5, 0xEEF6, 0xEEF5, 0xEEF6, 0xEED5, 0xE692, 0xE692, 0xE692, 0xE692, 0xE692, 0xEEB4, 0xEEB4, 0xEEB4, 0xEEB4,
 0xEEB4, 0xEE93, 0xEE93, 0xEE93, 0xEE93, 0xEE93, 0xEE93, 0xEE93, 0xEE93, 0xEE93, 0xE692, 0xEED5, 0xF759, 0xF738, 0xF738, 0xF759,
 0xEEF6, 0xE692, 0xEE93, 0xEE93, 0xEE93, 0xEE93, 0xEED5, 0xEED5, 0xEED5, 0xEED5, 0xEEB4, 0xEE93, 0xEE93, 0xEE93, 0xEEB3, 0xDE52,
 0x7BAD, 0x630B, 0x6B4C, 0x6B4C, 0x6B4C, 0x6B4C, 0x6B4C, 0x6B4C, 0x6B4C, 0x6B4C, 0x6B4C, 0x6B4C, 0x6B4C, 0x6B4C, 0x6B4C, 0x736C,
 0x738C, 0x738C, 0x738C, 0x738C, 0x738C, 0x7B8C, 0x7B8C, 0x7B8C, 0x6B4C, 0x9C6E, 0xF6B1, 0xF6B1, 0xEE91, 0xEE91, 0xEE91, 0xE651,
 0xEEB4, 0xEEB4, 0xEEB4, 0xEE93, 0xE672, 0xE672, 0xE672, 0xE672, 0xE672, 0xE693, 0xE693, 0xE693, 0xE692, 0xE693, 0xEE93, 0xEE93,
 0xEE93, 0xEE93, 0xEE93, 0xEEB4, 0xEEB5, 0xEEB4, 0xEEB5, 0xEEB4, 0xEE93, 0xEE93, 0xEE93, 0xEE93, 0xEE93, 0xEED5, 0xEEF6, 0xEEF5,
 0xEEF5, 0xEEF6, 0xEEB5, 0xEEB4, 0xEEB4, 0xEEB4, 0xEEB4, 0xEEB4, 0xEED5, 0xEED5, 0xEED5, 0xEED4, 0xEED5, 0xEEF6, 0xEEF6, 0xEEF6,
 0xEEF6, 0xEEF6, 0xF717, 0xF717, 0xF717, 0xF717, 0xEF17, 0xEEB4, 0xEEB4, 0xEEB4, 0xEEB4, 0xEEB4, 0xEED5, 0xEED5, 0xEED5, 0xEED5,
 0xEED5, 0xEE93, 0xEE93, 0xEE93, 0xEE93, 0xEE93, 0xE672, 0xE672, 0xE672, 0xE672, 0xE672, 0xEEB3, 0xEED5, 0xEED5, 0xEED5, 0xEED5,
 0xEEB4, 0xE672, 0xE672, 0xE672, 0xE672, 0xE672, 0xEE93, 0xEE93, 0xEE93, 0xEE93, 0xEE93, 0xE672, 0xE672, 0xE672, 0xEE92, 0xE652,
 0xAD0F, 0xA4AF, 0xA4CF, 0xA4CF, 0xA4CF, 0xA4CF, 0xA4CF, 0xA4CF, 0xA4CF, 0xA4CF, 0xA4CF, 0xA4CF, 0xA4CF, 0xA4CF, 0xACEF, 0x8C2E,
 0x738D, 0x7BAD, 0x7BAD, 0x7BAD, 0x7BAD, 0x7B8C, 0x7B8C, 0x7B8C, 0x736C, 0x8C2E, 0xC5B1, 0xC5B1, 0xC591, 0xC591, 0xCDD1, 0xEE92,
 0xE651, 0xE651, 0xE651, 0xE672, 0xEE93, 0xEE93, 0xEE93, 0xEE93, 0xEEB3, 0xEED5, 0xEED4, 0xEED4, 0xEEB4, 0xEED5, 0xEEF6, 0xEEF6,
 0xEEF6, 0xEEF6, 0xF717, 0xF75A, 0xF75A, 0xF75A, 0xF75A, 0xF75A, 0xF717, 0xEEF6, 0xEEF6, 0xEEF6, 0xEEF6, 0xF717, 0xF738, 0xF738,
 0xF738, 0xF738, 0xF738, 0xF738, 0xF738, 0xF738, 0xF738, 0xF738, 0xF738, 0xF738, 0xF738, 0xF738, 0xF759, 0xFF9C, 0xFF9C, 0xFF9B,
 0xFF9C, 0xF77B, 0xF759, 0xF759, 0xF759, 0xF75A, 0xF739, 0xEEF6, 0xEEF6, 0xEEF6, 0xEEF6, 0xEEF6, 0xEEF6, 0xEEF6, 0xEEF6, 0xEEF6,
 0xEEF6, 0xEE93, 0xE692, 0xEE93, 0xEE93, 0xEE93, 0xE672, 0xE651, 0xE651, 0xE651, 0xE651, 0xE651, 0xE651, 0xE651, 0xE651, 0xE651,
 0xE651, 0xE651, 0xE651, 0xE651, 0xE651, 0xE651, 0xE651, 0xE651, 0xE651, 0xE651, 0xE651, 0xE651, 0xE651, 0xE651, 0xE651, 0xE671,
 0xF6B3, 0xF6D3, 0xF6D3, 0xF6D3, 0xF6D3, 0xF6D3, 0xF6D3, 0xF6D3, 0xF6D3, 0xF6D3, 0xF6D3, 0xF6D3, 0xF6D3, 0xF6D3, 0xFEF4, 0xB530,
 0x73AD, 0x83CD, 0x83ED, 0x83ED, 0x7BCD, 0x738C, 0x7B8C, 0x7B8C, 0x738C, 0x7BCD, 0x9470, 0x9470, 0x8C50, 0x8C30, 0xA4D1, 0xEED5,
 0xE651, 0xE651, 0xE651, 0xE672, 0xEE93, 0xEE93, 0xEE93, 0xEE93, 0xEE93, 0xEEB4, 0xEEB4, 0xEEB4, 0xEEB4, 0xEED5, 0xEEF6, 0xEEF6,
 0xEEF6, 0xEEF6, 0xEEF6, 0xF759, 0xF759, 0xF759, 0xF759, 0xF739, 0xEEF6, 0xEEF6, 0xEEF6, 0xEEF6, 0xEEF6, 0xF717, 0xF718, 0xF717,
 0xF717, 0xF717, 0xF718, 0xF718, 0xF718, 0xF718, 0xF718, 0xF718, 0xF717, 0xF717, 0xF717, 0xF717, 0xF739, 0xF77B, 0xF77B, 0xF77B,
 0xF77B, 0xF77A, 0xF759, 0xF759, 0xF759, 0xF759, 0xF739, 0xEEF6, 0xEEF6, 0xEEF6, 0xEEF6, 0xEEF6, 0xEEF6, 0xEEF6, 0xEEF6, 0xEEF6,
 0xEEF6, 0xEE93, 0xE692, 0xEE93, 0xEE93, 0xEE93, 0xE672, 0xE651, 0xE651, 0xE651, 0xE651, 0xE651, 0xE651, 0xE651, 0xE651, 0xE651,
 0xE651, 0xE651, 0xE651, 0xE651, 0xE651, 0xE651, 0xE651, 0xE651, 0xE651, 0xE651, 0xE651, 0xE651, 0xE651, 0xE651, 0xE651, 0xE651,
 0xEE93, 0xEE93, 0xEE93, 0xEE93, 0xEE93, 0xEE93, 0xEE93, 0xEE93, 0xEE93, 0xEE93, 0xEE93, 0xEE93, 0xEE93, 0xEE93, 0xF6D3, 0xB510,
 0x738D, 0x7BCD, 0x83CD, 0x83ED, 0x7BCD, 0x738C, 0x7B8C, 0x7B8C, 0x738C, 0x83CD, 0x9490, 0x9490, 0x9490, 0x8C50, 0xA4F1, 0xEEB4,
 0xE651, 0xE651, 0xE651, 0xE672, 0xEE93, 0xEE93, 0xEE93, 0xEE93, 0xEE93, 0xEEB4, 0xEEB4, 0xEEB4, 0xEEB4, 0xEED5, 0xEEF6, 0xEEF6,
 0xEEF6, 0xEEF6, 0xEEF6, 0xF759, 0xF759, 0xF759, 0xF759, 0xF739, 0xEEF6, 0xEEF6, 0xEEF6, 0xEEF6, 0xEEF6, 0xF717, 0xF718, 0xF717,
 0xF717, 0xF717, 0xF717, 0xF717, 0xF717, 0xF717, 0xF717, 0xF717, 0xF717, 0xF717, 0xF717, 0xF717, 0xF739, 0xF77B, 0xF77B, 0xF77B,
 0xF77B, 0xF77A, 0xF759, 0xF759, 0xF759, 0xF759, 0xF739, 0xEEF6, 0xEEF6, 0xEEF6, 0xEEF6, 0xEEF6, 0xEEF6, 0xEEF6, 0xEEF6, 0xEEF6,
 0xEEF6, 0xEE93, 0xE692, 0xEE93, 0xEE93, 0xEE93, 0xE672, 0xE651, 0xE651, 0xE651, 0xE651, 0xE651, 0xE651, 0xE651, 0xE651, 0xE651,
 0xE651, 0xE651, 0xE651, 0xE651, 0xE651, 0xE651, 0xE651, 0xE651, 0xE651, 0xE651, 0xE651, 0xE651, 0xE651, 0xE651, 0xE651, 0xE651,
 0xE692, 0xEE93, 0xEE93, 0xEE93, 0xEE93, 0xEE93, 0xEE93, 0xEE93, 0xEE93, 0xEE93, 0xEE93, 0xEE93, 0xEE93, 0xEE93, 0xF6B3, 0xB510,
 0x738D, 0x7BCD, 0x83CD, 0x83ED, 0x7BCD, 0x738C, 0x7B8C, 0x7B8C, 0x738C, 0x83CD, 0x9490, 0x9490, 0x9490, 0x8C70, 0xA4F1, 0xEEB4,
 0xE651, 0xE651, 0xE651, 0xE672, 0xEE93, 0xEE93, 0xEE93, 0xEE93, 0xEEB3, 0xEED5, 0xEEB4, 0xEEB4, 0xEEB4, 0xEED5, 0xEEF6, 0xEEF6,
 0xEEF6, 0xEEF6, 0xEF17, 0xF75A, 0xF75A, 0xF75A, 0xF75A, 0xF75A, 0xEF17, 0xEEF6, 0xEEF6, 0xEEF6, 0xEEF6, 0xF718, 0xF738, 0xF738,
 0xF738, 0xF738, 0xF738, 0xF738, 0xF738, 0xF738, 0xF738, 0xF738, 0xF738, 0xF738, 0xF738, 0xF717, 0xF759, 0xFF9C, 0xFF9C, 0xFF9C,
 0xFF9C, 0xFF7B, 0xF75A, 0xF75A, 0xF75A, 0xF75A, 0xF759, 0xEEF6, 0xEEF6, 0xEEF6, 0xEEF6, 0xEEF6, 0xEEF6, 0xEEF6, 0xEEF6, 0xEEF6,
 0xEEF6, 0xEE93, 0xE692, 0xEE93, 0xEE93, 0xEE93, 0xE671, 0xE651, 0xE651, 0xE651, 0xE651, 0xE651, 0xE651, 0xE651, 0xE651, 0xE651,
 0xE651, 0xE651, 0xE651, 0xE651, 0xE651, 0xE651, 0xE651, 0xE651, 0xE651, 0xE651, 0xE651, 0xE651, 0xE651, 0xE651, 0xE651, 0xE651,
 0xE693, 0xEE93, 0xEE93, 0xEE93, 0xEE93, 0xEE93, 0xEE93, 0xEE93, 0xEE93, 0xEE93, 0xEE93, 0xEE93, 0xEE93, 0xEE93, 0xF6D3, 0xACF0,
 0x6B4C, 0x738D, 0x738D, 0x738D, 0x738D, 0x738C, 0x738C, 0x738C, 0x738C, 0x83EE, 0x9CB1, 0x9CB1, 0x9CB1, 0x9470, 0xAD11, 0xF6F5,
 0xE651, 0xE651, 0xE651, 0xE672, 0xE672, 0xE672, 0xE672, 0xE672, 0xEE93, 0xEEB4, 0xEEB4, 0xEEB4, 0xEEB4, 0xEEB4, 0xEED5, 0xEED5,
 0xEED5, 0xEED5, 0xEED5, 0xEEF7, 0xF6F7, 0xF6F7, 0xF6F7, 0xEEF7, 0xEED5, 0xEED5, 0xEED5, 0xEED5, 0xEED5, 0xEED5, 0xEEF6, 0xEEF6,
 0xEEF6, 0xEEF6, 0xEEF6, 0xEEF6, 0xEEF6, 0xEEF6, 0xEEF6, 0xEEF6, 0xEF17, 0xEEF6, 0xEEF6, 0xEEF6, 0xF717, 0xF738, 0xF718, 0xF718,
 0xF738, 0xF718, 0xF6F7, 0xF6F7, 0xF6F7, 0xF6F7, 0xEEF6, 0xEED5, 0xEED5, 0xEED5, 0xEED5, 0xEED5, 0xEED5, 0xEED5, 0xEED5, 0xEED5,
 0xEED5, 0xEE93, 0xE692, 0xEE93, 0xEE93, 0xEE93, 0xE693, 0xE692, 0xE693, 0xE693, 0xE693, 0xE672, 0xE671, 0xE672, 0xE672, 0xE672,
 0xE671, 0xE651, 0xE651, 0xE651, 0xE651, 0xE651, 0xE651, 0xE651, 0xE651, 0xE651, 0xE651, 0xE651, 0xE651, 0xE651, 0xE651, 0xE651,
 0xE672, 0xE672, 0xE672, 0xE672, 0xE672, 0xE672, 0xE672, 0xE672, 0xE672, 0xE672, 0xE672, 0xE672, 0xE672, 0xEE72, 0xEE92, 0xC570,
 0x9C6F, 0x9C8F, 0x9C8F, 0xA4AF, 0x944E, 0x7BAD, 0x7BAD, 0x7BCD, 0x7BAD, 0x83EE, 0x8C4F, 0x8C4F, 0x8C4F, 0x8C2F, 0x9C90, 0xCDF3,
 0xE651, 0xE651, 0xE651, 0xE651, 0xE651, 0xE651, 0xE651, 0xE651, 0xE672, 0xEE93, 0xE693, 0xE693, 0xE693, 0xE693, 0xE692, 0xE692,
 0xE692, 0xE693, 0xE672, 0xE651, 0xE651, 0xE651, 0xE651, 0xE651, 0xE672, 0xE693, 0xE692, 0xE692, 0xE692, 0xE651, 0xE651, 0xE651,
 0xE651, 0xE651, 0xE672, 0xEE93, 0xE692, 0xE692, 0xE692, 0xEEB3, 0xEEB4, 0xEEB4, 0xEEB4, 0xEED4, 0xEE93, 0xE650, 0xE651, 0xE651,
 0xE651, 0xE651, 0xE651, 0xE651, 0xE651, 0xE651, 0xE651, 0xE672, 0xE693, 0xE692, 0xE692, 0xE693, 0xEEB4, 0xEEB4, 0xEEB4, 0xEEB4,
 0xEEB4, 0xEE93, 0xEE93, 0xEE93, 0xEE93, 0xE692, 0xEED5, 0xEEF6, 0xEEF6, 0xEEF6, 0xEEF6, 0xEEB4, 0xE693, 0xEE93, 0xEE93, 0xEE93,
 0xE672, 0xE651, 0xE651, 0xE651, 0xE651, 0xE651, 0xE651, 0xE651, 0xE651, 0xE651, 0xE651, 0xE651, 0xE651, 0xE651, 0xE651, 0xE651,
 0xE651, 0xE651, 0xE651, 0xE651, 0xE651, 0xE651, 0xE651, 0xE651, 0xE651, 0xE651, 0xE651, 0xE651, 0xE651, 0xE651, 0xE651, 0xEE92,
 0xEEB3, 0xEEB3, 0xEEB3, 0xF6F3, 0xC5B1, 0x83EE, 0x8C0E, 0x8C2E, 0x8C2E, 0x83EE, 0x738C, 0x738C, 0x738C, 0x738C, 0x7B8D, 0x83EE,
 0xE651, 0xE651, 0xE651, 0xE651, 0xE651, 0xE651, 0xE651, 0xE651, 0xE672, 0xEE93, 0xEE93, 0xEE93, 0xEE93, 0xEE93, 0xEE93, 0xEE93,
 0xEE93, 0xEE93, 0xE672, 0xE651, 0xE651, 0xE651, 0xE651, 0xE651, 0xE672, 0xEE93, 0xEE93, 0xEE93, 0xEE93, 0xE651, 0xE651, 0xE651,
 0xE651, 0xE651, 0xE672, 0xEE93, 0xEE93, 0xEE93, 0xE692, 0xEE93, 0xEEB4, 0xEEB4, 0xEEB4, 0xEED4, 0xEE93, 0xE651, 0xE651, 0xE651,
 0xE651, 0xE651, 0xE651, 0xE651, 0xE651, 0xE651, 0xE651, 0xE692, 0xEE93, 0xEE93, 0xEE93, 0xE693, 0xEEB4, 0xEEB4, 0xEEB4, 0xEEB4,
 0xEEB4, 0xEE93, 0xEE93, 0xEE93, 0xEE93, 0xEE92, 0xEED5, 0xEEF6, 0xEEF6, 0xEEF6, 0xEEF6, 0xEEB4, 0xE692, 0xEE93, 0xEE93, 0xEE93,
 0xE672, 0xE651, 0xE651, 0xE651, 0xE651, 0xE651, 0xE651, 0xE651, 0xE651, 0xE651, 0xE651, 0xE651, 0xE651, 0xE651, 0xE651, 0xE651,
 0xE651, 0xE651, 0xE651, 0xE651, 0xE651, 0xE651, 0xE651, 0xE651, 0xE651, 0xE651, 0xE651, 0xE651, 0xE651, 0xE651, 0xE651, 0xE672,
 0xEE93, 0xEE93, 0xEE93, 0xF6D3, 0xC591, 0x83EE, 0x8C0E, 0x8C2E, 0x8C2E, 0x83EE, 0x738C, 0x738C, 0x738C, 0x738C, 0x7BAD, 0x840E,
 0xE651, 0xE651, 0xE651, 0xE651, 0xE651, 0xE651, 0xE651, 0xE651, 0xE672, 0xEE93, 0xEE93, 0xEE93, 0xEE93, 0xEE93, 0xEE93, 0xEE93,
 0xEE93, 0xEE93, 0xE692, 0xE651, 0xE651, 0xE651, 0xE651, 0xE651, 0xE672, 0xEE93, 0xEE93, 0xEE93, 0xEE93, 0xE672, 0xE651, 0xE651,
 0xE651, 0xE651, 0xE672, 0xEE93, 0xEE93, 0xEE93, 0xE693, 0xEE93, 0xEEB4, 0xEEB4, 0xEEB4, 0xEED4, 0xEE93, 0xE651, 0xE651, 0xE651,
 0xE651, 0xE651, 0xE651, 0xE651, 0xE651, 0xE651, 0xE671, 0xE693, 0xEE93, 0xEE93, 0xEE93, 0xE693, 0xEEB4, 0xEEB4, 0xEEB4, 0xEEB4,
 0xEEB4, 0xEE93, 0xEE93, 0xEE93, 0xEE93, 0xEE92, 0xEED5, 0xEEF6, 0xEEF6, 0xEEF6, 0xEEF6, 0xEEB4, 0xE692, 0xEE93, 0xEE93, 0xEE93,
 0xE672, 0xE651, 0xE651, 0xE651, 0xE651, 0xE651, 0xE651, 0xE651, 0xE651, 0xE651, 0xE651, 0xE651, 0xE651, 0xE651, 0xE651, 0xE651,
 0xE651, 0xE651, 0xE651, 0xE651, 0xE651, 0xE651, 0xE651, 0xE651, 0xE651, 0xE651, 0xE651, 0xE651, 0xE651, 0xE651, 0xE651, 0xE672,
 0xEE93, 0xEE93, 0xEE93, 0xF6B3, 0xC591, 0x83EE, 0x840E, 0x8C0E, 0x8C2E, 0x83EE, 0x7BAC, 0x7BAC, 0x7BAC, 0x7B8C, 0x7BAD, 0x8C2E,
 0xE651, 0xE651, 0xE651, 0xE651, 0xE651, 0xE651, 0xE651, 0xE651, 0xE671, 0xEE93, 0xEE92, 0xEE92, 0xEE92, 0xEE92, 0xEE93, 0xEE93,
 0xEE93, 0xEE93, 0xE672, 0xE651, 0xE650, 0xE651, 0xE651, 0xE651, 0xE672, 0xE692, 0xE672, 0xE672, 0xE672, 0xE651, 0xE630, 0xE651,
 0xE651, 0xE651, 0xE651, 0xE672, 0xE672, 0xE672, 0xE672, 0xEE93, 0xEEB4, 0xEEB4, 0xEEB4, 0xEED4, 0xEE93, 0xE651, 0xE651, 0xE651,
 0xE651, 0xE651, 0xE651, 0xE651, 0xE651, 0xE651, 0xE651, 0xE693, 0xEE93, 0xEE93, 0xEE93, 0xE693, 0xEEB4, 0xEEB4, 0xEEB4, 0xEEB4,
 0xEEB4, 0xEE93, 0xEE93, 0xEE93, 0xEE93, 0xEE92, 0xEED5, 0xEF16, 0xEEF6, 0xEEF6, 0xEEF6, 0xEEB4, 0xE672, 0xEE93, 0xEE93, 0xEE93,
 0xE672, 0xE651, 0xE651, 0xE651, 0xE651, 0xE651, 0xE651, 0xE651, 0xE651, 0xE651, 0xE651, 0xE651, 0xE651, 0xE651, 0xE651, 0xE651,
 0xE651, 0xE651, 0xE651, 0xE651, 0xE651, 0xE651, 0xE651, 0xE651, 0xE651, 0xE651, 0xE651, 0xE651, 0xE651, 0xE651, 0xE651, 0xE672,
 0xEE93, 0xEE93, 0xEE93, 0xF6D3, 0xBD71, 0x7BCE, 0x7BEE, 0x83EE, 0x83EE, 0x7BCD, 0x6B4C, 0x6B4C, 0x6B4C, 0x6B4C, 0x738C, 0x8C2E,
 0xE651, 0xE651, 0xE651, 0xE672, 0xE672, 0xE672, 0xE672, 0xE672, 0xE692, 0xEEB3, 0xEE93, 0xEE93, 0xEE93, 0xEE93, 0xEE93, 0xEE93,
 0xEE93, 0xEE93, 0xEE93, 0xEE93, 0xEE93, 0xEE73, 0xEE73, 0xE693, 0xEE93, 0xEEB3, 0xEEB3, 0xEEB3, 0xEEB3, 0xEE93, 0xE672, 0xEE73,
 0xEE73, 0xE672, 0xEEB4, 0xEEB4, 0xEEB4, 0xEEB4, 0xEEB4, 0xEEB4, 0xEED4, 0xEED4, 0xEED4, 0xEED5, 0xEEB3, 0xE671, 0xE672, 0xE672,
 0xE672, 0xE672, 0xE672, 0xE672, 0xE672, 0xE672, 0xE672, 0xE693, 0xEE93, 0xEE93, 0xEE93, 0xE693, 0xEEB4, 0xEEB4, 0xEEB4, 0xEEB4,
 0xEEB4, 0xEE93, 0xEE93, 0xEE93, 0xEE93, 0xEE93, 0xEED4, 0xEEF6, 0xEED5, 0xEED5, 0xEED5, 0xEEB4, 0xE693, 0xEE93, 0xEE93, 0xEE93,
 0xEE92, 0xE651, 0xE671, 0xE671, 0xE671, 0xE671, 0xE671, 0xE671, 0xE671, 0xE671, 0xE671, 0xE671, 0xE671, 0xE671, 0xE671, 0xE671,
 0xE672, 0xE672, 0xE672, 0xE672, 0xE672, 0xE672, 0xE671, 0xE671, 0xE671, 0xE671, 0xE671, 0xE671, 0xE671, 0xE671, 0xE651, 0xE672,
 0xE693, 0xE672, 0xE692, 0xEEB3, 0xC5B1, 0x944E, 0x946F, 0x948F, 0x9C8F, 0x946E, 0x8C0D, 0x8C0D, 0x8C0D, 0x8C0D, 0x8C0E, 0x840E,
 0xE651, 0xE651, 0xE651, 0xEEB3, 0xEEF6, 0xEEF6, 0xEEF6, 0xEEF6, 0xEEF6, 0xEEF6, 0xEEF6, 0xEEF6, 0xEEF6, 0xEEF5, 0xEEB4, 0xEEB4,
 0xEEB4, 0xEEB4, 0xEED5, 0xF739, 0xF759, 0xF759, 0xF759, 0xF759, 0xF738, 0xF717, 0xF717, 0xF717, 0xF717, 0xF739, 0xF759, 0xF759,
 0xF759, 0xF739, 0xF77B, 0xFFBD, 0xFFBC, 0xFFBC, 0xFFBD, 0xF759, 0xEED5, 0xEEF6, 0xEEF6, 0xEEF6, 0xEED5, 0xEEB4, 0xEEB4, 0xEEB4,
 0xEEB4, 0xEEB4, 0xEEB4, 0xEEB4, 0xEEB4, 0xEEB4, 0xEEB4, 0xEE93, 0xEE93, 0xEE93, 0xEE93, 0xEE93, 0xE693, 0xE693, 0xE693, 0xE693,
 0xE693, 0xEE93, 0xEE93, 0xEE93, 0xEE93, 0xEE93, 0xEE93, 0xEE93, 0xEE93, 0xEE93, 0xE693, 0xEE94, 0xEEB4, 0xEEB4, 0xEEB4, 0xEEB4,
 0xEEB4, 0xEE93, 0xEE93, 0xEE93, 0xEE93, 0xEE93, 0xEE93, 0xEE93, 0xEE93, 0xEE93, 0xEE93, 0xEE93, 0xEE93, 0xEE93, 0xEE93, 0xEE93,
 0xEEB4, 0xEEB4, 0xEEB4, 0xEEB4, 0xEEB4, 0xEE93, 0xEE93, 0xEE93, 0xEE93, 0xEE93, 0xEE93, 0xEE93, 0xEE93, 0xEE93, 0xEE93, 0xE672,
 0xE651, 0xE651, 0xE651, 0xE651, 0xE651, 0xE651, 0xE671, 0xE671, 0xE651, 0xE672, 0xEE93, 0xEE93, 0xEE93, 0xF6B3, 0xD612, 0x83CD,
 0xE651, 0xE651, 0xE651, 0xEEB4, 0xEF16, 0xEEF6, 0xEEF6, 0xEEF6, 0xEEF6, 0xEEF6, 0xEEF6, 0xEEF6, 0xEEF6, 0xEEF5, 0xEEB4, 0xEEB4,
 0xEEB4, 0xEEB4, 0xEED5, 0xF759, 0xF75A, 0xF759, 0xF759, 0xF759, 0xF738, 0xF737, 0xF738, 0xF738, 0xF738, 0xF759, 0xF75A, 0xF759,
 0xF759, 0xF759, 0xFF9B, 0xFFBD, 0xFFBD, 0xFFBD, 0xFFBD, 0xF759, 0xEED5, 0xEEF6, 0xEEF6, 0xEEF6, 0xEED5, 0xEEB4, 0xEEB4, 0xEEB4,
 0xEEB4, 0xEEB4, 0xEEB4, 0xEEB4, 0xEEB4, 0xEEB4, 0xEEB4, 0xEE93, 0xEE93, 0xEE93, 0xEE93, 0xEE93, 0xEE93, 0xEE93, 0xEE93, 0xEE93,
 0xEE93, 0xEE93, 0xEE93, 0xEE93, 0xEE93, 0xEE93, 0xEE93, 0xEE93, 0xEE93, 0xEE93, 0xE692, 0xEEB3, 0xEEB4, 0xEEB4, 0xEEB4, 0xEEB4,
 0xEEB4, 0xE693, 0xEE93, 0xEE93, 0xEE93, 0xEE93, 0xEE93, 0xEE93, 0xEE93, 0xEE93, 0xEE93, 0xEE93, 0xEE93, 0xEE93, 0xEE93, 0xE693,
 0xEEB4, 0xEEB4, 0xEEB4, 0xEEB4, 0xEEB4, 0xEE93, 0xEE93, 0xEE93, 0xEE93, 0xEE93, 0xEE93, 0xEE93, 0xEE93, 0xEE93, 0xEE93, 0xE672,
 0xE651, 0xE651, 0xE651, 0xE651, 0xE671, 0xEE71, 0xEE71, 0xEE71, 0xEE71, 0xEE72, 0xEEB3, 0xEEB3, 0xEEB3, 0xF6F3, 0xDE32, 0x7BCD,
 0xE651, 0xE651, 0xE651, 0xEE93, 0xEEF6, 0xEEF6, 0xEEF6, 0xEEF6, 0xEEF6, 0xEEF6, 0xEEF6, 0xEEF6, 0xEEF6, 0xEED5, 0xEEB4, 0xEEB4,
 0xEEB4, 0xEEB4, 0xEED5, 0xF759, 0xF759, 0xF759, 0xF759, 0xF739, 0xF738, 0xF717, 0xF717, 0xF717, 0xF717, 0xF739, 0xF759, 0xF759,
 0xF759, 0xF759, 0xF77B, 0xFFBD, 0xFFBC, 0xFFBC, 0xFFBD, 0xF759, 0xEED5, 0xEEF6, 0xEEF6, 0xEEF6, 0xEED5, 0xEEB4, 0xEEB4, 0xEEB4,
 0xEEB4, 0xEEB4, 0xEEB4, 0xEEB4, 0xEEB4, 0xEEB4, 0xEEB4, 0xEE93, 0xEE93, 0xEE93, 0xEE93, 0xEE93, 0xEE93, 0xEE93, 0xEE93, 0xEE93,
 0xEE93, 0xEE93, 0xEE93, 0xEE93, 0xEE93, 0xEE93, 0xEE93, 0xEE93, 0xEE93, 0xEE93, 0xE693, 0xEEB3, 0xEEB4, 0xEEB4, 0xEEB4, 0xEEB4,
 0xEEB4, 0xE693, 0xEE93, 0xEE93, 0xEE93, 0xEE93, 0xEE93, 0xEE93, 0xEE93, 0xEE93, 0xEE93, 0xEE93, 0xEE93, 0xEE93, 0xEE93, 0xE693,
 0xEEB4, 0xEEB4, 0xEEB4, 0xEEB4, 0xEEB4, 0xEE93, 0xEE93, 0xEE93, 0xEE93, 0xEE93, 0xEE93, 0xEE93, 0xEE93, 0xEE93, 0xEE93, 0xE672,
 0xE651, 0xE651, 0xE651, 0xE651, 0xE651, 0xE651, 0xE651, 0xE651, 0xE651, 0xE672, 0xEE93, 0xEE93, 0xEE93, 0xEEB3, 0xD612, 0x7BCD,
 0xE651, 0xE651, 0xE651, 0xEE93, 0xEEF6, 0xEEF6, 0xEEF6, 0xEEF6, 0xEEF6, 0xEEF6, 0xEEF6, 0xEEF6, 0xEEF6, 0xEED5, 0xEEB4, 0xEEB4,
 0xEEB4, 0xEEB4, 0xEED5, 0xF759, 0xF759, 0xF759, 0xF759, 0xF739, 0xF738, 0xF717, 0xF717, 0xF717, 0xF717, 0xF739, 0xF759, 0xF759,
 0xF759, 0xF759, 0xF77B, 0xFFBD, 0xFFBC, 0xFFBC, 0xFFBD, 0xF759, 0xEED5, 0xEEF6, 0xEEF6, 0xEEF6, 0xEED5, 0xEEB4, 0xEEB4, 0xEEB4,
 0xEEB4, 0xEEB4, 0xEEB4, 0xEEB4, 0xEEB4, 0xEEB4, 0xEEB4, 0xEE93, 0xEE93, 0xEE93, 0xEE93, 0xEE93, 0xEE93, 0xEE93, 0xEE93, 0xEE93,
 0xEE93, 0xEE93, 0xEE93, 0xEE93, 0xEE93, 0xEE93, 0xEE93, 0xEE93, 0xEE93, 0xEE93, 0xE693, 0xEEB3, 0xEEB4, 0xEEB4, 0xEEB4, 0xEEB4,
 0xEEB4, 0xE693, 0xEE93, 0xEE93, 0xEE93, 0xEE93, 0xEE93, 0xEE93, 0xEE93, 0xEE93, 0xEE93, 0xEE93, 0xEE93, 0xEE93, 0xEE93, 0xE693,
 0xEEB4, 0xEEB4, 0xEEB4, 0xEEB4, 0xEEB4, 0xEE93, 0xEE93, 0xEE93, 0xEE93, 0xEE93, 0xEE93, 0xEE93, 0xEE93, 0xEE93, 0xEE93, 0xE672,
 0xE651, 0xE651, 0xE651, 0xE651, 0xE651, 0xE651, 0xE651, 0xE651, 0xE651, 0xE672, 0xEE93, 0xEE93, 0xEE93, 0xEEB3, 0xD612, 0x7BCD,
 0xE651, 0xE651, 0xE651, 0xEE93, 0xEEF6, 0xEEF6, 0xEEF6, 0xEEF6, 0xEEF6, 0xEEF6, 0xEEF6, 0xEEF6, 0xEEF6, 0xEED5, 0xEEB4, 0xEEB4,
 0xEEB4, 0xEEB4, 0xEED5, 0xF759, 0xF759, 0xF759, 0xF759, 0xF739, 0xF738, 0xF717, 0xF717, 0xF717, 0xF717, 0xF739, 0xF759, 0xF759,
 0xF759, 0xF759, 0xF77B, 0xFFBD, 0xFFBC, 0xFFBC, 0xFFBD, 0xF759, 0xEED5, 0xEEF6, 0xEEF6, 0xEEF6, 0xEED5, 0xEEB4, 0xEEB4, 0xEEB4,
 0xEEB4, 0xEEB4, 0xEEB4, 0xEEB4, 0xEEB4, 0xEEB4, 0xEEB4, 0xEE93, 0xEE93, 0xEE93, 0xEE93, 0xEE93, 0xEE93, 0xEE93, 0xEE93, 0xEE93,
 0xEE93, 0xEE93, 0xEE93, 0xEE93, 0xEE93, 0xEE93, 0xEE93, 0xEE93, 0xEE93, 0xEE93, 0xE693, 0xEEB3, 0xEEB4, 0xEEB4, 0xEEB4, 0xEEB4,
 0xEEB4, 0xE693, 0xEE93, 0xEE93, 0xEE93, 0xEE93, 0xEE93, 0xEE93, 0xEE93, 0xEE93, 0xEE93, 0xEE93, 0xEE93, 0xEE93, 0xEE93, 0xE693,
 0xEEB4, 0xEEB4, 0xEEB4, 0xEEB4, 0xEEB4, 0xEE93, 0xEE93, 0xEE93, 0xEE93, 0xEE93, 0xEE93, 0xEE93, 0xEE93, 0xEE93, 0xEE93, 0xE672,
 0xE651, 0xE651, 0xE651, 0xE651, 0xE651, 0xE651, 0xE651, 0xE651, 0xE651, 0xE672, 0xEE93, 0xEE93, 0xEE93, 0xEEB3, 0xD612, 0x7BCD,

};
